UNI;4010;TUTTO IL PORTAFOGLIO;NULL;04;NULL;2019-02-22;OK;AGGREGAZIONE;NULL;NULL;5780026;NULL;NULL
UNI;4010;TUTTO IL PORTAFOGLIO;NULL;04;1 ;2019-02-22;KO;NESSUNA AGGREGAZIONE;PAG06;50000000179;1;2016-11-12;NettoEQ: 50.00 NettoDEQ: 50.00 Provv EQ: 0.00Provv DEQ: 1.25TipoTitolo: 04
UNI;4010;TUTTO IL PORTAFOGLIO;NULL;04;1 ;2019-02-22;KO;NESSUNA AGGREGAZIONE;PAG06;50000000451;1;2016-10-27;NettoEQ: 150.00 NettoDEQ: 150.00 Provv EQ: 0.00Provv DEQ: 3.75TipoTitolo: 04
UNI;4010;TUTTO IL PORTAFOGLIO;NULL;04;1 ;2019-02-22;KO;NESSUNA AGGREGAZIONE;PAG06;50000000451;1;2016-11-27;NettoEQ: 150.00 NettoDEQ: 150.00 Provv EQ: 0.00Provv DEQ: 3.75TipoTitolo: 04
UNI;4010;TUTTO IL PORTAFOGLIO;NULL;04;1 ;2019-02-22;KO;NESSUNA AGGREGAZIONE;PAG06;50004426335;1;2016-11-21;NettoEQ: 100.00 NettoDEQ: 100.00 Provv EQ: 0.00Provv DEQ: 2.50TipoTitolo: 04
UNI;4010;TUTTO IL PORTAFOGLIO;NULL;04;1 ;2019-02-22;KO;NESSUNA AGGREGAZIONE;PAG06;50004426339;1;2016-11-21;NettoEQ: 125.00 NettoDEQ: 125.00 Provv EQ: 0.00Provv DEQ: 3.13TipoTitolo: 04
UNI;4010;TUTTO IL PORTAFOGLIO;NULL;04;1 ;2019-02-22;KO;NESSUNA AGGREGAZIONE;PAG06;50004426343;1;2016-02-21;NettoEQ: 51.65 NettoDEQ: 51.65 Provv EQ: 0.00Provv DEQ: 1.29TipoTitolo: 04
UNI;4010;TUTTO IL PORTAFOGLIO;NULL;04;1 ;2019-02-22;KO;NESSUNA AGGREGAZIONE;PAG06;50004426343;1;2016-03-21;NettoEQ: 51.65 NettoDEQ: 51.65 Provv EQ: 0.00Provv DEQ: 1.29TipoTitolo: 04
UNI;4010;TUTTO IL PORTAFOGLIO;NULL;04;1 ;2019-02-22;KO;NESSUNA AGGREGAZIONE;PAG06;50004426343;1;2016-04-21;NettoEQ: 51.65 NettoDEQ: 51.65 Provv EQ: 0.00Provv DEQ: 1.29TipoTitolo: 04
UNI;4010;TUTTO IL PORTAFOGLIO;NULL;04;1 ;2019-02-22;KO;NESSUNA AGGREGAZIONE;PAG06;50004426343;1;2016-05-21;NettoEQ: 51.65 NettoDEQ: 51.65 Provv EQ: 0.00Provv DEQ: 1.29TipoTitolo: 04
UNI;4010;TUTTO IL PORTAFOGLIO;NULL;04;1 ;2019-02-22;KO;NESSUNA AGGREGAZIONE;PAG06;50004426343;1;2016-06-21;NettoEQ: 51.65 NettoDEQ: 51.65 Provv EQ: 0.00Provv DEQ: 1.29TipoTitolo: 04
UNI;4010;TUTTO IL PORTAFOGLIO;NULL;04;1 ;2019-02-22;KO;NESSUNA AGGREGAZIONE;PAG06;50004426343;1;2016-07-21;NettoEQ: 51.65 NettoDEQ: 51.65 Provv EQ: 0.00Provv DEQ: 1.29TipoTitolo: 04
UNI;4010;TUTTO IL PORTAFOGLIO;NULL;04;1 ;2019-02-22;KO;NESSUNA AGGREGAZIONE;PAG06;50004426343;1;2016-08-21;NettoEQ: 51.65 NettoDEQ: 51.65 Provv EQ: 0.00Provv DEQ: 1.29TipoTitolo: 04
UNI;4010;TUTTO IL PORTAFOGLIO;NULL;04;1 ;2019-02-22;KO;NESSUNA AGGREGAZIONE;PAG06;50004426343;1;2016-09-21;NettoEQ: 51.65 NettoDEQ: 51.65 Provv EQ: 0.00Provv DEQ: 1.29TipoTitolo: 04
UNI;4010;TUTTO IL PORTAFOGLIO;NULL;04;1 ;2019-02-22;KO;NESSUNA AGGREGAZIONE;PAG06;50004426343;1;2016-11-21;NettoEQ: 51.65 NettoDEQ: 51.65 Provv EQ: 0.00Provv DEQ: 1.29TipoTitolo: 04
UNI;4010;TUTTO IL PORTAFOGLIO;NULL;04;1 ;2019-02-22;KO;NESSUNA AGGREGAZIONE;PAG06;50004426385;1;2016-11-21;NettoEQ: 50.00 NettoDEQ: 50.00 Provv EQ: 0.00Provv DEQ: 1.25TipoTitolo: 04
UNI;4010;TUTTO IL PORTAFOGLIO;NULL;04;1 ;2019-02-22;KO;NESSUNA AGGREGAZIONE;PAG06;50004426388;1;2016-11-21;NettoEQ: 100.00 NettoDEQ: 100.00 Provv EQ: 0.00Provv DEQ: 2.50TipoTitolo: 04
UNI;4010;TUTTO IL PORTAFOGLIO;NULL;04;1 ;2019-02-22;KO;NESSUNA AGGREGAZIONE;PAG06;50004426401;1;2016-11-21;NettoEQ: 50.00 NettoDEQ: 50.00 Provv EQ: 0.00Provv DEQ: 1.25TipoTitolo: 04
UNI;4010;TUTTO IL PORTAFOGLIO;NULL;04;1 ;2019-02-22;KO;NESSUNA AGGREGAZIONE;PAG06;50004426402;1;2016-11-21;NettoEQ: 70.00 NettoDEQ: 70.00 Provv EQ: 0.00Provv DEQ: 1.75TipoTitolo: 04
UNI;4010;TUTTO IL PORTAFOGLIO;NULL;04;1 ;2019-02-22;KO;NESSUNA AGGREGAZIONE;PAG06;50004426418;1;2016-11-21;NettoEQ: 100.00 NettoDEQ: 100.00 Provv EQ: 0.00Provv DEQ: 2.50TipoTitolo: 04
UNI;4010;TUTTO IL PORTAFOGLIO;NULL;04;1 ;2019-02-22;KO;NESSUNA AGGREGAZIONE;PAG06;50004426449;1;2016-11-21;NettoEQ: 100.00 NettoDEQ: 100.00 Provv EQ: 0.00Provv DEQ: 2.50TipoTitolo: 04
UNI;4010;TUTTO IL PORTAFOGLIO;NULL;04;1 ;2019-02-22;KO;NESSUNA AGGREGAZIONE;PAG06;50004426452;1;2016-11-21;NettoEQ: 50.00 NettoDEQ: 50.00 Provv EQ: 0.00Provv DEQ: 1.25TipoTitolo: 04
UNI;4010;TUTTO IL PORTAFOGLIO;NULL;04;1 ;2019-02-22;KO;NESSUNA AGGREGAZIONE;PAG06;50004426464;1;2016-02-21;NettoEQ: 63.31 NettoDEQ: 63.31 Provv EQ: 0.00Provv DEQ: 1.58TipoTitolo: 04
UNI;4010;TUTTO IL PORTAFOGLIO;NULL;04;1 ;2019-02-22;KO;NESSUNA AGGREGAZIONE;PAG06;50004426464;1;2016-03-21;NettoEQ: 63.31 NettoDEQ: 63.31 Provv EQ: 0.00Provv DEQ: 1.58TipoTitolo: 04
UNI;4010;TUTTO IL PORTAFOGLIO;NULL;04;1 ;2019-02-22;KO;NESSUNA AGGREGAZIONE;PAG06;50004426464;1;2016-04-21;NettoEQ: 63.31 NettoDEQ: 63.31 Provv EQ: 0.00Provv DEQ: 1.58TipoTitolo: 04
UNI;4010;TUTTO IL PORTAFOGLIO;NULL;04;1 ;2019-02-22;KO;NESSUNA AGGREGAZIONE;PAG06;50004426464;1;2016-05-21;NettoEQ: 63.31 NettoDEQ: 63.31 Provv EQ: 0.00Provv DEQ: 1.58TipoTitolo: 04
UNI;4010;TUTTO IL PORTAFOGLIO;NULL;04;1 ;2019-02-22;KO;NESSUNA AGGREGAZIONE;PAG06;50004426464;1;2016-06-21;NettoEQ: 63.31 NettoDEQ: 63.31 Provv EQ: 0.00Provv DEQ: 1.58TipoTitolo: 04
UNI;4010;TUTTO IL PORTAFOGLIO;NULL;04;1 ;2019-02-22;KO;NESSUNA AGGREGAZIONE;PAG06;50004426464;1;2016-07-21;NettoEQ: 63.31 NettoDEQ: 63.31 Provv EQ: 0.00Provv DEQ: 1.58TipoTitolo: 04
UNI;4010;TUTTO IL PORTAFOGLIO;NULL;04;1 ;2019-02-22;KO;NESSUNA AGGREGAZIONE;PAG06;50004426464;1;2016-08-21;NettoEQ: 63.31 NettoDEQ: 63.31 Provv EQ: 0.00Provv DEQ: 1.58TipoTitolo: 04
UNI;4010;TUTTO IL PORTAFOGLIO;NULL;04;1 ;2019-02-22;KO;NESSUNA AGGREGAZIONE;PAG06;50004426464;1;2016-09-21;NettoEQ: 63.31 NettoDEQ: 63.31 Provv EQ: 0.00Provv DEQ: 1.58TipoTitolo: 04
UNI;4010;TUTTO IL PORTAFOGLIO;NULL;04;1 ;2019-02-22;KO;NESSUNA AGGREGAZIONE;PAG06;50004426464;1;2016-10-21;NettoEQ: 63.31 NettoDEQ: 63.31 Provv EQ: 0.00Provv DEQ: 1.58TipoTitolo: 04
UNI;4010;TUTTO IL PORTAFOGLIO;NULL;04;1 ;2019-02-22;KO;NESSUNA AGGREGAZIONE;PAG06;50004426464;1;2016-11-21;NettoEQ: 63.31 NettoDEQ: 63.31 Provv EQ: 0.00Provv DEQ: 1.58TipoTitolo: 04
UNI;4010;TUTTO IL PORTAFOGLIO;NULL;04;1 ;2019-02-22;KO;NESSUNA AGGREGAZIONE;PAG06;50004426464;1;2016-12-21;NettoEQ: 63.31 NettoDEQ: 63.31 Provv EQ: 0.00Provv DEQ: 1.58TipoTitolo: 04
UNI;4010;TUTTO IL PORTAFOGLIO;NULL;04;1 ;2019-02-22;KO;NESSUNA AGGREGAZIONE;PAG06;50004426466;1;2016-11-21;NettoEQ: 100.00 NettoDEQ: 100.00 Provv EQ: 0.00Provv DEQ: 2.50TipoTitolo: 04
UNI;4010;TUTTO IL PORTAFOGLIO;NULL;04;1 ;2019-02-22;KO;NESSUNA AGGREGAZIONE;PAG06;50004426469;1;2016-11-21;NettoEQ: 50.00 NettoDEQ: 50.00 Provv EQ: 0.00Provv DEQ: 1.25TipoTitolo: 04
UNI;4010;TUTTO IL PORTAFOGLIO;NULL;04;1 ;2019-02-22;KO;NESSUNA AGGREGAZIONE;PAG06;50004426477;1;2016-11-21;NettoEQ: 50.00 NettoDEQ: 50.00 Provv EQ: 0.00Provv DEQ: 1.25TipoTitolo: 04
UNI;4010;TUTTO IL PORTAFOGLIO;NULL;04;1 ;2019-02-22;KO;NESSUNA AGGREGAZIONE;PAG06;50004426497;1;2016-11-21;NettoEQ: 100.00 NettoDEQ: 100.00 Provv EQ: 0.00Provv DEQ: 2.50TipoTitolo: 04
UNI;4010;TUTTO IL PORTAFOGLIO;NULL;04;1 ;2019-02-22;KO;NESSUNA AGGREGAZIONE;PAG06;50004426501;1;2016-11-21;NettoEQ: 100.00 NettoDEQ: 100.00 Provv EQ: 0.00Provv DEQ: 2.50TipoTitolo: 04
UNI;4010;TUTTO IL PORTAFOGLIO;NULL;04;1 ;2019-02-22;KO;NESSUNA AGGREGAZIONE;PAG06;50004426508;1;2016-11-21;NettoEQ: 100.00 NettoDEQ: 100.00 Provv EQ: 0.00Provv DEQ: 2.50TipoTitolo: 04
UNI;4010;TUTTO IL PORTAFOGLIO;NULL;04;1 ;2019-02-22;KO;NESSUNA AGGREGAZIONE;PAG06;50004426548;1;2016-11-21;NettoEQ: 50.00 NettoDEQ: 50.00 Provv EQ: 0.00Provv DEQ: 1.25TipoTitolo: 04
UNI;4010;TUTTO IL PORTAFOGLIO;NULL;04;1 ;2019-02-22;KO;NESSUNA AGGREGAZIONE;PAG06;50004426567;1;2016-11-21;NettoEQ: 50.00 NettoDEQ: 50.00 Provv EQ: 0.00Provv DEQ: 1.25TipoTitolo: 04
UNI;4010;TUTTO IL PORTAFOGLIO;NULL;04;1 ;2019-02-22;KO;NESSUNA AGGREGAZIONE;PAG06;50004426614;1;2016-11-21;NettoEQ: 50.00 NettoDEQ: 50.00 Provv EQ: 0.00Provv DEQ: 1.25TipoTitolo: 04
UNI;4010;TUTTO IL PORTAFOGLIO;NULL;04;1 ;2019-02-22;KO;NESSUNA AGGREGAZIONE;PAG06;50004426627;1;2016-11-21;NettoEQ: 700.00 NettoDEQ: 700.00 Provv EQ: 0.00Provv DEQ: 17.50TipoTitolo: 04
UNI;4010;TUTTO IL PORTAFOGLIO;NULL;04;1 ;2019-02-22;KO;NESSUNA AGGREGAZIONE;PAG06;50004426628;1;2016-11-21;NettoEQ: 200.00 NettoDEQ: 200.00 Provv EQ: 0.00Provv DEQ: 5.00TipoTitolo: 04
UNI;4010;TUTTO IL PORTAFOGLIO;NULL;04;1 ;2019-02-22;KO;NESSUNA AGGREGAZIONE;PAG06;50004426640;1;2016-11-21;NettoEQ: 100.00 NettoDEQ: 100.00 Provv EQ: 0.00Provv DEQ: 2.50TipoTitolo: 04
UNI;4010;TUTTO IL PORTAFOGLIO;NULL;04;1 ;2019-02-22;KO;NESSUNA AGGREGAZIONE;PAG06;50004426646;1;2016-11-21;NettoEQ: 100.00 NettoDEQ: 100.00 Provv EQ: 0.00Provv DEQ: 2.50TipoTitolo: 04
UNI;4010;TUTTO IL PORTAFOGLIO;NULL;04;1 ;2019-02-22;KO;NESSUNA AGGREGAZIONE;PAG06;50004426657;1;2016-11-21;NettoEQ: 50.00 NettoDEQ: 50.00 Provv EQ: 0.00Provv DEQ: 1.25TipoTitolo: 04
UNI;4010;TUTTO IL PORTAFOGLIO;NULL;04;1 ;2019-02-22;KO;NESSUNA AGGREGAZIONE;PAG06;50004426677;1;2016-11-21;NettoEQ: 100.00 NettoDEQ: 100.00 Provv EQ: 0.00Provv DEQ: 2.50TipoTitolo: 04
UNI;4010;TUTTO IL PORTAFOGLIO;NULL;04;1 ;2019-02-22;KO;NESSUNA AGGREGAZIONE;PAG06;50004426728;1;2016-11-21;NettoEQ: 100.00 NettoDEQ: 100.00 Provv EQ: 0.00Provv DEQ: 2.50TipoTitolo: 04
UNI;4010;TUTTO IL PORTAFOGLIO;NULL;04;1 ;2019-02-22;KO;NESSUNA AGGREGAZIONE;PAG06;50004426739;1;2016-11-21;NettoEQ: 350.00 NettoDEQ: 350.00 Provv EQ: 0.00Provv DEQ: 8.75TipoTitolo: 04
UNI;4010;TUTTO IL PORTAFOGLIO;NULL;04;1 ;2019-02-22;KO;NESSUNA AGGREGAZIONE;PAG06;50004426767;1;2016-11-21;NettoEQ: 100.00 NettoDEQ: 100.00 Provv EQ: 0.00Provv DEQ: 2.50TipoTitolo: 04
UNI;4010;TUTTO IL PORTAFOGLIO;NULL;04;1 ;2019-02-22;KO;NESSUNA AGGREGAZIONE;PAG06;50004426774;1;2016-11-21;NettoEQ: 50.00 NettoDEQ: 50.00 Provv EQ: 0.00Provv DEQ: 1.25TipoTitolo: 04
UNI;4010;TUTTO IL PORTAFOGLIO;NULL;04;1 ;2019-02-22;KO;NESSUNA AGGREGAZIONE;PAG06;50004426803;1;2016-11-21;NettoEQ: 50.00 NettoDEQ: 50.00 Provv EQ: 0.00Provv DEQ: 1.25TipoTitolo: 04
UNI;4010;TUTTO IL PORTAFOGLIO;NULL;04;1 ;2019-02-22;KO;NESSUNA AGGREGAZIONE;PAG06;50004426945;1;2016-11-21;NettoEQ: 50.00 NettoDEQ: 50.00 Provv EQ: 0.00Provv DEQ: 1.25TipoTitolo: 04
UNI;4010;TUTTO IL PORTAFOGLIO;NULL;04;1 ;2019-02-22;KO;NESSUNA AGGREGAZIONE;PAG06;50004427002;1;2016-11-21;NettoEQ: 50.00 NettoDEQ: 50.00 Provv EQ: 0.00Provv DEQ: 1.25TipoTitolo: 04
UNI;4010;TUTTO IL PORTAFOGLIO;NULL;04;1 ;2019-02-22;KO;NESSUNA AGGREGAZIONE;PAG06;50004427059;1;2016-11-21;NettoEQ: 50.00 NettoDEQ: 50.00 Provv EQ: 0.00Provv DEQ: 1.25TipoTitolo: 04
UNI;4010;TUTTO IL PORTAFOGLIO;NULL;04;1 ;2019-02-22;KO;NESSUNA AGGREGAZIONE;PAG06;50004427075;1;2016-11-21;NettoEQ: 100.00 NettoDEQ: 100.00 Provv EQ: 0.00Provv DEQ: 2.50TipoTitolo: 04
UNI;4010;TUTTO IL PORTAFOGLIO;NULL;04;1 ;2019-02-22;KO;NESSUNA AGGREGAZIONE;PAG06;50004427084;1;2016-11-21;NettoEQ: 50.00 NettoDEQ: 50.00 Provv EQ: 0.00Provv DEQ: 1.25TipoTitolo: 04
UNI;4010;TUTTO IL PORTAFOGLIO;NULL;04;1 ;2019-02-22;KO;NESSUNA AGGREGAZIONE;PAG06;50004427090;1;2016-11-21;NettoEQ: 100.00 NettoDEQ: 100.00 Provv EQ: 0.00Provv DEQ: 2.50TipoTitolo: 04
UNI;4010;TUTTO IL PORTAFOGLIO;NULL;04;1 ;2019-02-22;KO;NESSUNA AGGREGAZIONE;PAG06;50004427129;1;2016-11-21;NettoEQ: 100.00 NettoDEQ: 100.00 Provv EQ: 0.00Provv DEQ: 2.50TipoTitolo: 04
UNI;4010;TUTTO IL PORTAFOGLIO;NULL;04;1 ;2019-02-22;KO;NESSUNA AGGREGAZIONE;PAG06;50004427142;1;2016-11-21;NettoEQ: 50.00 NettoDEQ: 50.00 Provv EQ: 0.00Provv DEQ: 1.25TipoTitolo: 04
UNI;4010;TUTTO IL PORTAFOGLIO;NULL;04;1 ;2019-02-22;KO;NESSUNA AGGREGAZIONE;PAG06;50004427154;1;2016-11-21;NettoEQ: 50.00 NettoDEQ: 50.00 Provv EQ: 0.00Provv DEQ: 1.25TipoTitolo: 04
UNI;4010;TUTTO IL PORTAFOGLIO;NULL;04;1 ;2019-02-22;KO;NESSUNA AGGREGAZIONE;PAG06;50004427161;1;2016-11-21;NettoEQ: 50.00 NettoDEQ: 50.00 Provv EQ: 0.00Provv DEQ: 1.25TipoTitolo: 04
UNI;4010;TUTTO IL PORTAFOGLIO;NULL;04;1 ;2019-02-22;KO;NESSUNA AGGREGAZIONE;PAG06;50004427198;1;2016-11-21;NettoEQ: 100.00 NettoDEQ: 100.00 Provv EQ: 0.00Provv DEQ: 2.50TipoTitolo: 04
UNI;4010;TUTTO IL PORTAFOGLIO;NULL;04;1 ;2019-02-22;KO;NESSUNA AGGREGAZIONE;PAG06;50004427211;1;2016-11-21;NettoEQ: 50.00 NettoDEQ: 50.00 Provv EQ: 0.00Provv DEQ: 1.25TipoTitolo: 04
UNI;4010;TUTTO IL PORTAFOGLIO;NULL;04;1 ;2019-02-22;KO;NESSUNA AGGREGAZIONE;PAG06;50004427245;1;2016-11-21;NettoEQ: 200.00 NettoDEQ: 200.00 Provv EQ: 0.00Provv DEQ: 5.00TipoTitolo: 04
UNI;4010;TUTTO IL PORTAFOGLIO;NULL;04;1 ;2019-02-22;KO;NESSUNA AGGREGAZIONE;PAG06;50004427246;1;2016-11-21;NettoEQ: 50.00 NettoDEQ: 50.00 Provv EQ: 0.00Provv DEQ: 1.25TipoTitolo: 04
UNI;4010;TUTTO IL PORTAFOGLIO;NULL;04;1 ;2019-02-22;KO;NESSUNA AGGREGAZIONE;PAG06;50004427256;1;2016-11-21;NettoEQ: 100.00 NettoDEQ: 100.00 Provv EQ: 0.00Provv DEQ: 2.50TipoTitolo: 04
UNI;4010;TUTTO IL PORTAFOGLIO;NULL;04;1 ;2019-02-22;KO;NESSUNA AGGREGAZIONE;PAG06;50004427266;1;2016-11-21;NettoEQ: 50.00 NettoDEQ: 50.00 Provv EQ: 0.00Provv DEQ: 1.25TipoTitolo: 04
UNI;4010;TUTTO IL PORTAFOGLIO;NULL;04;1 ;2019-02-22;KO;NESSUNA AGGREGAZIONE;PAG06;50004427283;1;2016-11-21;NettoEQ: 50.00 NettoDEQ: 50.00 Provv EQ: 0.00Provv DEQ: 1.25TipoTitolo: 04
UNI;4010;TUTTO IL PORTAFOGLIO;NULL;04;1 ;2019-02-22;KO;NESSUNA AGGREGAZIONE;PAG06;50004427313;1;2016-11-21;NettoEQ: 50.00 NettoDEQ: 50.00 Provv EQ: 0.00Provv DEQ: 1.25TipoTitolo: 04
UNI;4010;TUTTO IL PORTAFOGLIO;NULL;04;1 ;2019-02-22;KO;NESSUNA AGGREGAZIONE;PAG06;50004427331;1;2016-11-21;NettoEQ: 100.00 NettoDEQ: 100.00 Provv EQ: 0.00Provv DEQ: 2.50TipoTitolo: 04
UNI;4010;TUTTO IL PORTAFOGLIO;NULL;04;1 ;2019-02-22;KO;NESSUNA AGGREGAZIONE;PAG06;50004427350;1;2016-11-21;NettoEQ: 50.00 NettoDEQ: 50.00 Provv EQ: 0.00Provv DEQ: 1.25TipoTitolo: 04
UNI;4010;TUTTO IL PORTAFOGLIO;NULL;04;1 ;2019-02-22;KO;NESSUNA AGGREGAZIONE;PAG06;50004427366;1;2016-11-21;NettoEQ: 50.00 NettoDEQ: 50.00 Provv EQ: 0.00Provv DEQ: 1.25TipoTitolo: 04
UNI;4010;TUTTO IL PORTAFOGLIO;NULL;04;1 ;2019-02-22;KO;NESSUNA AGGREGAZIONE;PAG06;50004427373;1;2016-11-21;NettoEQ: 150.00 NettoDEQ: 150.00 Provv EQ: 0.00Provv DEQ: 3.75TipoTitolo: 04
UNI;4010;TUTTO IL PORTAFOGLIO;NULL;04;1 ;2019-02-22;KO;NESSUNA AGGREGAZIONE;PAG06;50004427378;1;2016-11-21;NettoEQ: 120.00 NettoDEQ: 120.00 Provv EQ: 0.00Provv DEQ: 3.00TipoTitolo: 04
UNI;4010;TUTTO IL PORTAFOGLIO;NULL;04;1 ;2019-02-22;KO;NESSUNA AGGREGAZIONE;PAG06;50004427388;1;2016-11-21;NettoEQ: 100.00 NettoDEQ: 100.00 Provv EQ: 0.00Provv DEQ: 2.50TipoTitolo: 04
UNI;4010;TUTTO IL PORTAFOGLIO;NULL;04;1 ;2019-02-22;KO;NESSUNA AGGREGAZIONE;PAG06;50004427389;1;2016-11-21;NettoEQ: 100.00 NettoDEQ: 100.00 Provv EQ: 0.00Provv DEQ: 2.50TipoTitolo: 04
UNI;4010;TUTTO IL PORTAFOGLIO;NULL;04;1 ;2019-02-22;KO;NESSUNA AGGREGAZIONE;PAG06;50004427406;1;2016-11-21;NettoEQ: 100.00 NettoDEQ: 100.00 Provv EQ: 0.00Provv DEQ: 2.50TipoTitolo: 04
UNI;4010;TUTTO IL PORTAFOGLIO;NULL;04;1 ;2019-02-22;KO;NESSUNA AGGREGAZIONE;PAG06;50004427411;1;2016-11-21;NettoEQ: 50.00 NettoDEQ: 50.00 Provv EQ: 0.00Provv DEQ: 1.25TipoTitolo: 04
UNI;4010;TUTTO IL PORTAFOGLIO;NULL;04;1 ;2019-02-22;KO;NESSUNA AGGREGAZIONE;PAG06;50004427412;1;2016-11-21;NettoEQ: 50.00 NettoDEQ: 50.00 Provv EQ: 0.00Provv DEQ: 1.25TipoTitolo: 04
UNI;4010;TUTTO IL PORTAFOGLIO;NULL;04;1 ;2019-02-22;KO;NESSUNA AGGREGAZIONE;PAG06;50004427433;1;2016-11-21;NettoEQ: 50.00 NettoDEQ: 50.00 Provv EQ: 0.00Provv DEQ: 1.25TipoTitolo: 04
UNI;4010;TUTTO IL PORTAFOGLIO;NULL;04;1 ;2019-02-22;KO;NESSUNA AGGREGAZIONE;PAG06;50004427444;1;2016-11-21;NettoEQ: 50.00 NettoDEQ: 50.00 Provv EQ: 0.00Provv DEQ: 1.25TipoTitolo: 04
UNI;4010;TUTTO IL PORTAFOGLIO;NULL;04;1 ;2019-02-22;KO;NESSUNA AGGREGAZIONE;PAG06;50004427446;1;2016-11-21;NettoEQ: 50.00 NettoDEQ: 50.00 Provv EQ: 0.00Provv DEQ: 1.25TipoTitolo: 04
UNI;4010;TUTTO IL PORTAFOGLIO;NULL;04;1 ;2019-02-22;KO;NESSUNA AGGREGAZIONE;PAG06;50004427447;1;2016-11-21;NettoEQ: 250.00 NettoDEQ: 250.00 Provv EQ: 0.00Provv DEQ: 6.25TipoTitolo: 04
UNI;4010;TUTTO IL PORTAFOGLIO;NULL;04;1 ;2019-02-22;KO;NESSUNA AGGREGAZIONE;PAG06;50004427448;1;2016-11-21;NettoEQ: 100.00 NettoDEQ: 100.00 Provv EQ: 0.00Provv DEQ: 2.50TipoTitolo: 04
UNI;4010;TUTTO IL PORTAFOGLIO;NULL;04;1 ;2019-02-22;KO;NESSUNA AGGREGAZIONE;PAG06;50004427463;1;2016-11-21;NettoEQ: 50.00 NettoDEQ: 50.00 Provv EQ: 0.00Provv DEQ: 1.25TipoTitolo: 04
UNI;4010;TUTTO IL PORTAFOGLIO;NULL;04;1 ;2019-02-22;KO;NESSUNA AGGREGAZIONE;PAG06;50004427485;1;2016-11-21;NettoEQ: 200.00 NettoDEQ: 200.00 Provv EQ: 0.00Provv DEQ: 5.00TipoTitolo: 04
UNI;4010;TUTTO IL PORTAFOGLIO;NULL;04;1 ;2019-02-22;KO;NESSUNA AGGREGAZIONE;PAG06;50004427498;1;2016-11-21;NettoEQ: 200.00 NettoDEQ: 200.00 Provv EQ: 0.00Provv DEQ: 5.00TipoTitolo: 04
UNI;4010;TUTTO IL PORTAFOGLIO;NULL;04;1 ;2019-02-22;KO;NESSUNA AGGREGAZIONE;PAG06;50004427499;1;2016-11-21;NettoEQ: 50.00 NettoDEQ: 50.00 Provv EQ: 0.00Provv DEQ: 1.25TipoTitolo: 04
UNI;4010;TUTTO IL PORTAFOGLIO;NULL;04;1 ;2019-02-22;KO;NESSUNA AGGREGAZIONE;PAG06;50004427521;1;2016-11-21;NettoEQ: 50.00 NettoDEQ: 50.00 Provv EQ: 0.00Provv DEQ: 1.25TipoTitolo: 04
UNI;4010;TUTTO IL PORTAFOGLIO;NULL;04;1 ;2019-02-22;KO;NESSUNA AGGREGAZIONE;PAG06;50004427528;1;2016-11-21;NettoEQ: 70.00 NettoDEQ: 70.00 Provv EQ: 0.00Provv DEQ: 1.75TipoTitolo: 04
UNI;4010;TUTTO IL PORTAFOGLIO;NULL;04;1 ;2019-02-22;KO;NESSUNA AGGREGAZIONE;PAG06;50004427539;1;2016-11-21;NettoEQ: 100.00 NettoDEQ: 100.00 Provv EQ: 0.00Provv DEQ: 2.50TipoTitolo: 04
UNI;4010;TUTTO IL PORTAFOGLIO;NULL;04;1 ;2019-02-22;KO;NESSUNA AGGREGAZIONE;PAG06;50004427542;1;2016-11-21;NettoEQ: 100.00 NettoDEQ: 100.00 Provv EQ: 0.00Provv DEQ: 2.50TipoTitolo: 04
UNI;4010;TUTTO IL PORTAFOGLIO;NULL;04;1 ;2019-02-22;KO;NESSUNA AGGREGAZIONE;PAG06;50004427543;1;2016-11-21;NettoEQ: 100.00 NettoDEQ: 100.00 Provv EQ: 0.00Provv DEQ: 2.50TipoTitolo: 04
UNI;4010;TUTTO IL PORTAFOGLIO;NULL;04;1 ;2019-02-22;KO;NESSUNA AGGREGAZIONE;PAG06;50004427546;1;2016-11-21;NettoEQ: 100.00 NettoDEQ: 100.00 Provv EQ: 0.00Provv DEQ: 2.50TipoTitolo: 04
UNI;4010;TUTTO IL PORTAFOGLIO;NULL;04;1 ;2019-02-22;KO;NESSUNA AGGREGAZIONE;PAG06;50004427578;1;2016-11-21;NettoEQ: 50.00 NettoDEQ: 50.00 Provv EQ: 0.00Provv DEQ: 1.25TipoTitolo: 04
UNI;4010;TUTTO IL PORTAFOGLIO;NULL;04;1 ;2019-02-22;KO;NESSUNA AGGREGAZIONE;PAG06;50004427583;1;2016-11-21;NettoEQ: 50.00 NettoDEQ: 50.00 Provv EQ: 0.00Provv DEQ: 1.25TipoTitolo: 04
UNI;4010;TUTTO IL PORTAFOGLIO;NULL;04;1 ;2019-02-22;KO;NESSUNA AGGREGAZIONE;PAG06;50004427584;1;2016-10-21;NettoEQ: 50.00 NettoDEQ: 50.00 Provv EQ: 0.00Provv DEQ: 1.25TipoTitolo: 04
UNI;4010;TUTTO IL PORTAFOGLIO;NULL;04;1 ;2019-02-22;KO;NESSUNA AGGREGAZIONE;PAG06;50004427584;1;2016-11-21;NettoEQ: 50.00 NettoDEQ: 50.00 Provv EQ: 0.00Provv DEQ: 1.25TipoTitolo: 04
UNI;4010;TUTTO IL PORTAFOGLIO;NULL;04;1 ;2019-02-22;KO;NESSUNA AGGREGAZIONE;PAG06;50004427592;1;2016-11-21;NettoEQ: 100.00 NettoDEQ: 100.00 Provv EQ: 0.00Provv DEQ: 2.50TipoTitolo: 04
UNI;4010;TUTTO IL PORTAFOGLIO;NULL;04;1 ;2019-02-22;KO;NESSUNA AGGREGAZIONE;PAG06;50004427594;1;2016-11-21;NettoEQ: 150.00 NettoDEQ: 150.00 Provv EQ: 0.00Provv DEQ: 3.75TipoTitolo: 04
UNI;4010;TUTTO IL PORTAFOGLIO;NULL;04;1 ;2019-02-22;KO;NESSUNA AGGREGAZIONE;PAG06;50004427603;1;2016-11-21;NettoEQ: 50.00 NettoDEQ: 50.00 Provv EQ: 0.00Provv DEQ: 1.25TipoTitolo: 04
UNI;4010;TUTTO IL PORTAFOGLIO;NULL;04;1 ;2019-02-22;KO;NESSUNA AGGREGAZIONE;PAG06;50004427605;1;2016-11-21;NettoEQ: 50.00 NettoDEQ: 50.00 Provv EQ: 0.00Provv DEQ: 1.25TipoTitolo: 04
UNI;4010;TUTTO IL PORTAFOGLIO;NULL;04;1 ;2019-02-22;KO;NESSUNA AGGREGAZIONE;PAG06;50004427628;1;2016-11-21;NettoEQ: 50.00 NettoDEQ: 50.00 Provv EQ: 0.00Provv DEQ: 1.25TipoTitolo: 04
UNI;4010;TUTTO IL PORTAFOGLIO;NULL;04;1 ;2019-02-22;KO;NESSUNA AGGREGAZIONE;PAG06;50004427657;1;2016-11-21;NettoEQ: 100.00 NettoDEQ: 100.00 Provv EQ: 0.00Provv DEQ: 2.50TipoTitolo: 04
UNI;4010;TUTTO IL PORTAFOGLIO;NULL;04;1 ;2019-02-22;KO;NESSUNA AGGREGAZIONE;PAG06;50004427667;1;2016-11-21;NettoEQ: 100.00 NettoDEQ: 100.00 Provv EQ: 0.00Provv DEQ: 2.50TipoTitolo: 04
UNI;4010;TUTTO IL PORTAFOGLIO;NULL;04;1 ;2019-02-22;KO;NESSUNA AGGREGAZIONE;PAG06;50004427670;1;2016-11-21;NettoEQ: 150.00 NettoDEQ: 150.00 Provv EQ: 0.00Provv DEQ: 3.75TipoTitolo: 04
UNI;4010;TUTTO IL PORTAFOGLIO;NULL;04;1 ;2019-02-22;KO;NESSUNA AGGREGAZIONE;PAG06;50004427671;1;2016-11-21;NettoEQ: 50.00 NettoDEQ: 50.00 Provv EQ: 0.00Provv DEQ: 1.25TipoTitolo: 04
UNI;4010;TUTTO IL PORTAFOGLIO;NULL;04;1 ;2019-02-22;KO;NESSUNA AGGREGAZIONE;PAG06;50004427678;1;2016-11-21;NettoEQ: 50.00 NettoDEQ: 50.00 Provv EQ: 0.00Provv DEQ: 1.25TipoTitolo: 04
UNI;4010;TUTTO IL PORTAFOGLIO;NULL;04;1 ;2019-02-22;KO;NESSUNA AGGREGAZIONE;PAG06;50004427694;1;2016-11-21;NettoEQ: 50.00 NettoDEQ: 50.00 Provv EQ: 0.00Provv DEQ: 1.25TipoTitolo: 04
UNI;4010;TUTTO IL PORTAFOGLIO;NULL;04;1 ;2019-02-22;KO;NESSUNA AGGREGAZIONE;PAG06;50004427696;1;2016-11-21;NettoEQ: 50.00 NettoDEQ: 50.00 Provv EQ: 0.00Provv DEQ: 1.25TipoTitolo: 04
UNI;4010;TUTTO IL PORTAFOGLIO;NULL;04;1 ;2019-02-22;KO;NESSUNA AGGREGAZIONE;PAG06;50004427707;1;2016-11-22;NettoEQ: 50.00 NettoDEQ: 50.00 Provv EQ: 0.00Provv DEQ: 1.25TipoTitolo: 04
UNI;4010;TUTTO IL PORTAFOGLIO;NULL;04;1 ;2019-02-22;KO;NESSUNA AGGREGAZIONE;PAG06;50004427732;1;2016-11-22;NettoEQ: 50.00 NettoDEQ: 50.00 Provv EQ: 0.00Provv DEQ: 1.25TipoTitolo: 04
UNI;4010;TUTTO IL PORTAFOGLIO;NULL;04;1 ;2019-02-22;KO;NESSUNA AGGREGAZIONE;PAG06;50004427742;1;2016-11-22;NettoEQ: 100.00 NettoDEQ: 100.00 Provv EQ: 0.00Provv DEQ: 2.50TipoTitolo: 04
UNI;4010;TUTTO IL PORTAFOGLIO;NULL;04;1 ;2019-02-22;KO;NESSUNA AGGREGAZIONE;PAG06;50004427760;1;2016-11-22;NettoEQ: 100.00 NettoDEQ: 100.00 Provv EQ: 0.00Provv DEQ: 2.50TipoTitolo: 04
UNI;4010;TUTTO IL PORTAFOGLIO;NULL;04;1 ;2019-02-22;KO;NESSUNA AGGREGAZIONE;PAG06;50004427798;1;2016-11-22;NettoEQ: 50.00 NettoDEQ: 50.00 Provv EQ: 0.00Provv DEQ: 1.25TipoTitolo: 04
UNI;4010;TUTTO IL PORTAFOGLIO;NULL;04;1 ;2019-02-22;KO;NESSUNA AGGREGAZIONE;PAG06;50004427804;1;2016-11-22;NettoEQ: 50.00 NettoDEQ: 50.00 Provv EQ: 0.00Provv DEQ: 1.25TipoTitolo: 04
UNI;4010;TUTTO IL PORTAFOGLIO;NULL;04;1 ;2019-02-22;KO;NESSUNA AGGREGAZIONE;PAG06;50004427834;1;2016-11-22;NettoEQ: 50.00 NettoDEQ: 50.00 Provv EQ: 0.00Provv DEQ: 1.25TipoTitolo: 04
UNI;4010;TUTTO IL PORTAFOGLIO;NULL;04;1 ;2019-02-22;KO;NESSUNA AGGREGAZIONE;PAG06;50004427865;1;2016-11-22;NettoEQ: 50.00 NettoDEQ: 50.00 Provv EQ: 0.00Provv DEQ: 1.25TipoTitolo: 04
UNI;4010;TUTTO IL PORTAFOGLIO;NULL;04;1 ;2019-02-22;KO;NESSUNA AGGREGAZIONE;PAG06;50004427881;1;2016-11-22;NettoEQ: 50.00 NettoDEQ: 50.00 Provv EQ: 0.00Provv DEQ: 1.25TipoTitolo: 04
UNI;4010;TUTTO IL PORTAFOGLIO;NULL;04;1 ;2019-02-22;KO;NESSUNA AGGREGAZIONE;PAG06;50004427905;1;2016-11-22;NettoEQ: 50.00 NettoDEQ: 50.00 Provv EQ: 0.00Provv DEQ: 1.25TipoTitolo: 04
UNI;4010;TUTTO IL PORTAFOGLIO;NULL;04;1 ;2019-02-22;KO;NESSUNA AGGREGAZIONE;PAG06;50004427959;1;2016-11-22;NettoEQ: 100.00 NettoDEQ: 100.00 Provv EQ: 0.00Provv DEQ: 2.50TipoTitolo: 04
UNI;4010;TUTTO IL PORTAFOGLIO;NULL;04;1 ;2019-02-22;KO;NESSUNA AGGREGAZIONE;PAG06;50004427961;1;2016-11-22;NettoEQ: 50.00 NettoDEQ: 50.00 Provv EQ: 0.00Provv DEQ: 1.25TipoTitolo: 04
UNI;4010;TUTTO IL PORTAFOGLIO;NULL;04;1 ;2019-02-22;KO;NESSUNA AGGREGAZIONE;PAG06;50004428050;1;2016-11-22;NettoEQ: 50.00 NettoDEQ: 50.00 Provv EQ: 0.00Provv DEQ: 1.25TipoTitolo: 04
UNI;4010;TUTTO IL PORTAFOGLIO;NULL;04;1 ;2019-02-22;KO;NESSUNA AGGREGAZIONE;PAG06;50004428053;1;2016-11-22;NettoEQ: 75.00 NettoDEQ: 75.00 Provv EQ: 0.00Provv DEQ: 1.88TipoTitolo: 04
UNI;4010;TUTTO IL PORTAFOGLIO;NULL;04;1 ;2019-02-22;KO;NESSUNA AGGREGAZIONE;PAG06;50004428064;1;2016-11-22;NettoEQ: 50.00 NettoDEQ: 50.00 Provv EQ: 0.00Provv DEQ: 1.25TipoTitolo: 04
UNI;4010;TUTTO IL PORTAFOGLIO;NULL;04;1 ;2019-02-22;KO;NESSUNA AGGREGAZIONE;PAG06;50004428120;1;2016-11-22;NettoEQ: 50.00 NettoDEQ: 50.00 Provv EQ: 0.00Provv DEQ: 1.25TipoTitolo: 04
UNI;4010;TUTTO IL PORTAFOGLIO;NULL;04;1 ;2019-02-22;KO;NESSUNA AGGREGAZIONE;PAG06;50004428147;1;2016-11-22;NettoEQ: 250.00 NettoDEQ: 250.00 Provv EQ: 0.00Provv DEQ: 6.25TipoTitolo: 04
UNI;4010;TUTTO IL PORTAFOGLIO;NULL;04;1 ;2019-02-22;KO;NESSUNA AGGREGAZIONE;PAG06;50004428178;1;2016-11-22;NettoEQ: 50.00 NettoDEQ: 50.00 Provv EQ: 0.00Provv DEQ: 1.25TipoTitolo: 04
UNI;4010;TUTTO IL PORTAFOGLIO;NULL;04;1 ;2019-02-22;KO;NESSUNA AGGREGAZIONE;PAG06;50004428179;1;2016-11-22;NettoEQ: 50.00 NettoDEQ: 50.00 Provv EQ: 0.00Provv DEQ: 1.25TipoTitolo: 04
UNI;4010;TUTTO IL PORTAFOGLIO;NULL;04;1 ;2019-02-22;KO;NESSUNA AGGREGAZIONE;PAG06;50004428187;1;2016-11-22;NettoEQ: 250.00 NettoDEQ: 250.00 Provv EQ: 0.00Provv DEQ: 6.25TipoTitolo: 04
UNI;4010;TUTTO IL PORTAFOGLIO;NULL;04;1 ;2019-02-22;KO;NESSUNA AGGREGAZIONE;PAG06;50004428208;1;2016-11-22;NettoEQ: 50.00 NettoDEQ: 50.00 Provv EQ: 0.00Provv DEQ: 1.25TipoTitolo: 04
UNI;4010;TUTTO IL PORTAFOGLIO;NULL;04;1 ;2019-02-22;KO;NESSUNA AGGREGAZIONE;PAG06;50004428292;1;2016-11-22;NettoEQ: 50.00 NettoDEQ: 50.00 Provv EQ: 0.00Provv DEQ: 1.25TipoTitolo: 04
UNI;4010;TUTTO IL PORTAFOGLIO;NULL;04;1 ;2019-02-22;KO;NESSUNA AGGREGAZIONE;PAG06;50004428300;1;2016-11-22;NettoEQ: 100.00 NettoDEQ: 100.00 Provv EQ: 0.00Provv DEQ: 2.50TipoTitolo: 04
UNI;4010;TUTTO IL PORTAFOGLIO;NULL;04;1 ;2019-02-22;KO;NESSUNA AGGREGAZIONE;PAG06;50004428332;1;2016-11-22;NettoEQ: 50.00 NettoDEQ: 50.00 Provv EQ: 0.00Provv DEQ: 1.25TipoTitolo: 04
UNI;4010;TUTTO IL PORTAFOGLIO;NULL;04;1 ;2019-02-22;KO;NESSUNA AGGREGAZIONE;PAG06;50004428340;1;2016-11-22;NettoEQ: 100.00 NettoDEQ: 100.00 Provv EQ: 0.00Provv DEQ: 2.50TipoTitolo: 04
UNI;4010;TUTTO IL PORTAFOGLIO;NULL;04;1 ;2019-02-22;KO;NESSUNA AGGREGAZIONE;PAG06;50004428351;1;2016-11-22;NettoEQ: 100.00 NettoDEQ: 100.00 Provv EQ: 0.00Provv DEQ: 2.50TipoTitolo: 04
UNI;4010;TUTTO IL PORTAFOGLIO;NULL;04;1 ;2019-02-22;KO;NESSUNA AGGREGAZIONE;PAG06;50004428401;1;2016-11-22;NettoEQ: 50.00 NettoDEQ: 50.00 Provv EQ: 0.00Provv DEQ: 1.25TipoTitolo: 04
UNI;4010;TUTTO IL PORTAFOGLIO;NULL;04;1 ;2019-02-22;KO;NESSUNA AGGREGAZIONE;PAG06;50004428405;1;2016-11-22;NettoEQ: 100.00 NettoDEQ: 100.00 Provv EQ: 0.00Provv DEQ: 2.50TipoTitolo: 04
UNI;4010;TUTTO IL PORTAFOGLIO;NULL;04;1 ;2019-02-22;KO;NESSUNA AGGREGAZIONE;PAG06;50004428415;1;2016-11-22;NettoEQ: 50.00 NettoDEQ: 50.00 Provv EQ: 0.00Provv DEQ: 1.25TipoTitolo: 04
UNI;4010;TUTTO IL PORTAFOGLIO;NULL;04;1 ;2019-02-22;KO;NESSUNA AGGREGAZIONE;PAG06;50004428444;1;2016-11-22;NettoEQ: 400.00 NettoDEQ: 400.00 Provv EQ: 0.00Provv DEQ: 10.00TipoTitolo: 04
UNI;4010;TUTTO IL PORTAFOGLIO;NULL;04;1 ;2019-02-22;KO;NESSUNA AGGREGAZIONE;PAG06;50004428502;1;2016-11-22;NettoEQ: 50.00 NettoDEQ: 50.00 Provv EQ: 0.00Provv DEQ: 1.25TipoTitolo: 04
UNI;4010;TUTTO IL PORTAFOGLIO;NULL;04;1 ;2019-02-22;KO;NESSUNA AGGREGAZIONE;PAG06;50004428509;1;2016-11-22;NettoEQ: 100.00 NettoDEQ: 100.00 Provv EQ: 0.00Provv DEQ: 2.50TipoTitolo: 04
UNI;4010;TUTTO IL PORTAFOGLIO;NULL;04;1 ;2019-02-22;KO;NESSUNA AGGREGAZIONE;PAG06;50004428521;1;2016-11-22;NettoEQ: 100.00 NettoDEQ: 100.00 Provv EQ: 0.00Provv DEQ: 2.50TipoTitolo: 04
UNI;4010;TUTTO IL PORTAFOGLIO;NULL;04;1 ;2019-02-22;KO;NESSUNA AGGREGAZIONE;PAG06;50004428529;1;2016-11-22;NettoEQ: 50.00 NettoDEQ: 50.00 Provv EQ: 0.00Provv DEQ: 1.25TipoTitolo: 04
UNI;4010;TUTTO IL PORTAFOGLIO;NULL;04;1 ;2019-02-22;KO;NESSUNA AGGREGAZIONE;PAG06;50004428534;1;2016-11-22;NettoEQ: 50.00 NettoDEQ: 50.00 Provv EQ: 0.00Provv DEQ: 1.25TipoTitolo: 04
UNI;4010;TUTTO IL PORTAFOGLIO;NULL;04;1 ;2019-02-22;KO;NESSUNA AGGREGAZIONE;PAG06;50004428554;1;2016-11-22;NettoEQ: 50.00 NettoDEQ: 50.00 Provv EQ: 0.00Provv DEQ: 1.25TipoTitolo: 04
UNI;4010;TUTTO IL PORTAFOGLIO;NULL;04;1 ;2019-02-22;KO;NESSUNA AGGREGAZIONE;PAG06;50004428556;1;2016-11-22;NettoEQ: 100.00 NettoDEQ: 100.00 Provv EQ: 0.00Provv DEQ: 2.50TipoTitolo: 04
UNI;4010;TUTTO IL PORTAFOGLIO;NULL;04;1 ;2019-02-22;KO;NESSUNA AGGREGAZIONE;PAG06;50004428567;1;2016-11-22;NettoEQ: 100.00 NettoDEQ: 100.00 Provv EQ: 0.00Provv DEQ: 2.50TipoTitolo: 04
UNI;4010;TUTTO IL PORTAFOGLIO;NULL;04;1 ;2019-02-22;KO;NESSUNA AGGREGAZIONE;PAG06;50004428588;1;2016-11-22;NettoEQ: 100.00 NettoDEQ: 100.00 Provv EQ: 0.00Provv DEQ: 2.50TipoTitolo: 04
UNI;4010;TUTTO IL PORTAFOGLIO;NULL;04;1 ;2019-02-22;KO;NESSUNA AGGREGAZIONE;PAG06;50004428637;1;2016-11-22;NettoEQ: 50.00 NettoDEQ: 50.00 Provv EQ: 0.00Provv DEQ: 1.25TipoTitolo: 04
UNI;4010;TUTTO IL PORTAFOGLIO;NULL;04;1 ;2019-02-22;KO;NESSUNA AGGREGAZIONE;PAG06;50004428665;1;2016-11-22;NettoEQ: 50.00 NettoDEQ: 50.00 Provv EQ: 0.00Provv DEQ: 1.25TipoTitolo: 04
UNI;4010;TUTTO IL PORTAFOGLIO;NULL;04;1 ;2019-02-22;KO;NESSUNA AGGREGAZIONE;PAG06;50004428691;1;2016-11-22;NettoEQ: 100.00 NettoDEQ: 100.00 Provv EQ: 0.00Provv DEQ: 2.50TipoTitolo: 04
UNI;4010;TUTTO IL PORTAFOGLIO;NULL;04;1 ;2019-02-22;KO;NESSUNA AGGREGAZIONE;PAG06;50004428738;1;2016-11-22;NettoEQ: 200.00 NettoDEQ: 200.00 Provv EQ: 0.00Provv DEQ: 5.00TipoTitolo: 04
UNI;4010;TUTTO IL PORTAFOGLIO;NULL;04;1 ;2019-02-22;KO;NESSUNA AGGREGAZIONE;PAG06;50004428740;1;2016-11-22;NettoEQ: 50.00 NettoDEQ: 50.00 Provv EQ: 0.00Provv DEQ: 1.25TipoTitolo: 04
UNI;4010;TUTTO IL PORTAFOGLIO;NULL;04;1 ;2019-02-22;KO;NESSUNA AGGREGAZIONE;PAG06;50004428782;1;2016-11-22;NettoEQ: 50.00 NettoDEQ: 50.00 Provv EQ: 0.00Provv DEQ: 1.25TipoTitolo: 04
UNI;4010;TUTTO IL PORTAFOGLIO;NULL;04;1 ;2019-02-22;KO;NESSUNA AGGREGAZIONE;PAG06;50004428793;1;2016-11-22;NettoEQ: 50.00 NettoDEQ: 50.00 Provv EQ: 0.00Provv DEQ: 1.25TipoTitolo: 04
UNI;4010;TUTTO IL PORTAFOGLIO;NULL;04;1 ;2019-02-22;KO;NESSUNA AGGREGAZIONE;PAG06;50004428801;1;2016-11-22;NettoEQ: 50.00 NettoDEQ: 50.00 Provv EQ: 0.00Provv DEQ: 1.25TipoTitolo: 04
UNI;4010;TUTTO IL PORTAFOGLIO;NULL;04;1 ;2019-02-22;KO;NESSUNA AGGREGAZIONE;PAG06;50004428805;1;2016-11-22;NettoEQ: 75.00 NettoDEQ: 75.00 Provv EQ: 0.00Provv DEQ: 1.88TipoTitolo: 04
UNI;4010;TUTTO IL PORTAFOGLIO;NULL;04;1 ;2019-02-22;KO;NESSUNA AGGREGAZIONE;PAG06;50004428814;1;2016-11-22;NettoEQ: 100.00 NettoDEQ: 100.00 Provv EQ: 0.00Provv DEQ: 2.50TipoTitolo: 04
UNI;4010;TUTTO IL PORTAFOGLIO;NULL;04;1 ;2019-02-22;KO;NESSUNA AGGREGAZIONE;PAG06;50004428849;1;2016-11-22;NettoEQ: 50.00 NettoDEQ: 50.00 Provv EQ: 0.00Provv DEQ: 1.25TipoTitolo: 04
UNI;4010;TUTTO IL PORTAFOGLIO;NULL;04;1 ;2019-02-22;KO;NESSUNA AGGREGAZIONE;PAG06;50004428862;1;2016-11-22;NettoEQ: 250.00 NettoDEQ: 250.00 Provv EQ: 0.00Provv DEQ: 6.25TipoTitolo: 04
UNI;4010;TUTTO IL PORTAFOGLIO;NULL;04;1 ;2019-02-22;KO;NESSUNA AGGREGAZIONE;PAG06;50004428884;1;2016-11-22;NettoEQ: 100.00 NettoDEQ: 100.00 Provv EQ: 0.00Provv DEQ: 2.50TipoTitolo: 04
UNI;4010;TUTTO IL PORTAFOGLIO;NULL;04;1 ;2019-02-22;KO;NESSUNA AGGREGAZIONE;PAG06;50004428885;1;2016-11-23;NettoEQ: 150.00 NettoDEQ: 150.00 Provv EQ: 0.00Provv DEQ: 3.75TipoTitolo: 04
UNI;4010;TUTTO IL PORTAFOGLIO;NULL;04;1 ;2019-02-22;KO;NESSUNA AGGREGAZIONE;PAG06;50004428909;1;2016-11-23;NettoEQ: 50.00 NettoDEQ: 50.00 Provv EQ: 0.00Provv DEQ: 1.25TipoTitolo: 04
UNI;4010;TUTTO IL PORTAFOGLIO;NULL;04;1 ;2019-02-22;KO;NESSUNA AGGREGAZIONE;PAG06;50004428910;1;2016-11-23;NettoEQ: 100.00 NettoDEQ: 100.00 Provv EQ: 0.00Provv DEQ: 2.50TipoTitolo: 04
UNI;4010;TUTTO IL PORTAFOGLIO;NULL;04;1 ;2019-02-22;KO;NESSUNA AGGREGAZIONE;PAG06;50004428933;1;2016-11-23;NettoEQ: 100.00 NettoDEQ: 100.00 Provv EQ: 0.00Provv DEQ: 2.50TipoTitolo: 04
UNI;4010;TUTTO IL PORTAFOGLIO;NULL;04;1 ;2019-02-22;KO;NESSUNA AGGREGAZIONE;PAG06;50004428946;1;2016-02-23;NettoEQ: 97.55 NettoDEQ: 97.55 Provv EQ: 0.00Provv DEQ: 2.44TipoTitolo: 04
UNI;4010;TUTTO IL PORTAFOGLIO;NULL;04;1 ;2019-02-22;KO;NESSUNA AGGREGAZIONE;PAG06;50004428946;1;2016-03-23;NettoEQ: 97.55 NettoDEQ: 97.55 Provv EQ: 0.00Provv DEQ: 2.44TipoTitolo: 04
UNI;4010;TUTTO IL PORTAFOGLIO;NULL;04;1 ;2019-02-22;KO;NESSUNA AGGREGAZIONE;PAG06;50004428946;1;2016-04-23;NettoEQ: 97.55 NettoDEQ: 97.55 Provv EQ: 0.00Provv DEQ: 2.44TipoTitolo: 04
UNI;4010;TUTTO IL PORTAFOGLIO;NULL;04;1 ;2019-02-22;KO;NESSUNA AGGREGAZIONE;PAG06;50004428946;1;2016-05-23;NettoEQ: 97.55 NettoDEQ: 97.55 Provv EQ: 0.00Provv DEQ: 2.44TipoTitolo: 04
UNI;4010;TUTTO IL PORTAFOGLIO;NULL;04;1 ;2019-02-22;KO;NESSUNA AGGREGAZIONE;PAG06;50004428946;1;2016-06-23;NettoEQ: 97.55 NettoDEQ: 97.55 Provv EQ: 0.00Provv DEQ: 2.44TipoTitolo: 04
UNI;4010;TUTTO IL PORTAFOGLIO;NULL;04;1 ;2019-02-22;KO;NESSUNA AGGREGAZIONE;PAG06;50004428946;1;2016-07-23;NettoEQ: 97.55 NettoDEQ: 97.55 Provv EQ: 0.00Provv DEQ: 2.44TipoTitolo: 04
UNI;4010;TUTTO IL PORTAFOGLIO;NULL;04;1 ;2019-02-22;KO;NESSUNA AGGREGAZIONE;PAG06;50004428946;1;2016-08-23;NettoEQ: 97.55 NettoDEQ: 97.55 Provv EQ: 0.00Provv DEQ: 2.44TipoTitolo: 04
UNI;4010;TUTTO IL PORTAFOGLIO;NULL;04;1 ;2019-02-22;KO;NESSUNA AGGREGAZIONE;PAG06;50004428946;1;2016-09-23;NettoEQ: 97.55 NettoDEQ: 97.55 Provv EQ: 0.00Provv DEQ: 2.44TipoTitolo: 04
UNI;4010;TUTTO IL PORTAFOGLIO;NULL;04;1 ;2019-02-22;KO;NESSUNA AGGREGAZIONE;PAG06;50004428946;1;2016-10-23;NettoEQ: 97.55 NettoDEQ: 97.55 Provv EQ: 0.00Provv DEQ: 2.44TipoTitolo: 04
UNI;4010;TUTTO IL PORTAFOGLIO;NULL;04;1 ;2019-02-22;KO;NESSUNA AGGREGAZIONE;PAG06;50004428946;1;2016-11-23;NettoEQ: 97.55 NettoDEQ: 97.55 Provv EQ: 0.00Provv DEQ: 2.44TipoTitolo: 04
UNI;4010;TUTTO IL PORTAFOGLIO;NULL;04;1 ;2019-02-22;KO;NESSUNA AGGREGAZIONE;PAG06;50004428991;1;2016-11-23;NettoEQ: 100.00 NettoDEQ: 100.00 Provv EQ: 0.00Provv DEQ: 2.50TipoTitolo: 04
UNI;4010;TUTTO IL PORTAFOGLIO;NULL;04;1 ;2019-02-22;KO;NESSUNA AGGREGAZIONE;PAG06;50004429000;1;2016-11-23;NettoEQ: 100.00 NettoDEQ: 100.00 Provv EQ: 0.00Provv DEQ: 2.50TipoTitolo: 04
UNI;4010;TUTTO IL PORTAFOGLIO;NULL;04;1 ;2019-02-22;KO;NESSUNA AGGREGAZIONE;PAG06;50004429069;1;2016-11-23;NettoEQ: 50.00 NettoDEQ: 50.00 Provv EQ: 0.00Provv DEQ: 1.25TipoTitolo: 04
UNI;4010;TUTTO IL PORTAFOGLIO;NULL;04;1 ;2019-02-22;KO;NESSUNA AGGREGAZIONE;PAG06;50004429082;1;2016-11-23;NettoEQ: 100.00 NettoDEQ: 100.00 Provv EQ: 0.00Provv DEQ: 2.50TipoTitolo: 04
UNI;4010;TUTTO IL PORTAFOGLIO;NULL;04;1 ;2019-02-22;KO;NESSUNA AGGREGAZIONE;PAG06;50004429095;1;2016-11-23;NettoEQ: 100.00 NettoDEQ: 100.00 Provv EQ: 0.00Provv DEQ: 2.50TipoTitolo: 04
UNI;4010;TUTTO IL PORTAFOGLIO;NULL;04;1 ;2019-02-22;KO;NESSUNA AGGREGAZIONE;PAG06;50004429101;1;2016-11-23;NettoEQ: 100.00 NettoDEQ: 100.00 Provv EQ: 0.00Provv DEQ: 2.50TipoTitolo: 04
UNI;4010;TUTTO IL PORTAFOGLIO;NULL;04;1 ;2019-02-22;KO;NESSUNA AGGREGAZIONE;PAG06;50004429126;1;2016-11-23;NettoEQ: 50.00 NettoDEQ: 50.00 Provv EQ: 0.00Provv DEQ: 1.25TipoTitolo: 04
UNI;4010;TUTTO IL PORTAFOGLIO;NULL;04;1 ;2019-02-22;KO;NESSUNA AGGREGAZIONE;PAG06;50004429138;1;2016-11-23;NettoEQ: 100.00 NettoDEQ: 100.00 Provv EQ: 0.00Provv DEQ: 2.50TipoTitolo: 04
UNI;4010;TUTTO IL PORTAFOGLIO;NULL;04;1 ;2019-02-22;KO;NESSUNA AGGREGAZIONE;PAG06;50004429159;1;2016-11-23;NettoEQ: 50.00 NettoDEQ: 50.00 Provv EQ: 0.00Provv DEQ: 1.25TipoTitolo: 04
UNI;4010;TUTTO IL PORTAFOGLIO;NULL;04;1 ;2019-02-22;KO;NESSUNA AGGREGAZIONE;PAG06;50004429163;1;2016-11-23;NettoEQ: 50.00 NettoDEQ: 50.00 Provv EQ: 0.00Provv DEQ: 1.25TipoTitolo: 04
UNI;4010;TUTTO IL PORTAFOGLIO;NULL;04;1 ;2019-02-22;KO;NESSUNA AGGREGAZIONE;PAG06;50004429176;1;2016-11-23;NettoEQ: 50.00 NettoDEQ: 50.00 Provv EQ: 0.00Provv DEQ: 1.25TipoTitolo: 04
UNI;4010;TUTTO IL PORTAFOGLIO;NULL;04;1 ;2019-02-22;KO;NESSUNA AGGREGAZIONE;PAG06;50004429182;1;2016-11-23;NettoEQ: 50.00 NettoDEQ: 50.00 Provv EQ: 0.00Provv DEQ: 1.25TipoTitolo: 04
UNI;4010;TUTTO IL PORTAFOGLIO;NULL;04;1 ;2019-02-22;KO;NESSUNA AGGREGAZIONE;PAG06;50004429234;1;2016-11-23;NettoEQ: 120.00 NettoDEQ: 120.00 Provv EQ: 0.00Provv DEQ: 3.00TipoTitolo: 04
UNI;4010;TUTTO IL PORTAFOGLIO;NULL;04;1 ;2019-02-22;KO;NESSUNA AGGREGAZIONE;PAG06;50004429242;1;2016-11-23;NettoEQ: 80.00 NettoDEQ: 80.00 Provv EQ: 0.00Provv DEQ: 2.00TipoTitolo: 04
UNI;4010;TUTTO IL PORTAFOGLIO;NULL;04;1 ;2019-02-22;KO;NESSUNA AGGREGAZIONE;PAG06;50004429297;1;2016-11-23;NettoEQ: 50.00 NettoDEQ: 50.00 Provv EQ: 0.00Provv DEQ: 1.25TipoTitolo: 04
UNI;4010;TUTTO IL PORTAFOGLIO;NULL;04;1 ;2019-02-22;KO;NESSUNA AGGREGAZIONE;PAG06;50004429304;1;2016-11-23;NettoEQ: 50.00 NettoDEQ: 50.00 Provv EQ: 0.00Provv DEQ: 1.25TipoTitolo: 04
UNI;4010;TUTTO IL PORTAFOGLIO;NULL;04;1 ;2019-02-22;KO;NESSUNA AGGREGAZIONE;PAG06;50004429312;1;2016-11-23;NettoEQ: 50.00 NettoDEQ: 50.00 Provv EQ: 0.00Provv DEQ: 1.25TipoTitolo: 04
UNI;4010;TUTTO IL PORTAFOGLIO;NULL;04;1 ;2019-02-22;KO;NESSUNA AGGREGAZIONE;PAG06;50004429322;1;2016-11-23;NettoEQ: 50.00 NettoDEQ: 50.00 Provv EQ: 0.00Provv DEQ: 1.25TipoTitolo: 04
UNI;4010;TUTTO IL PORTAFOGLIO;NULL;04;1 ;2019-02-22;KO;NESSUNA AGGREGAZIONE;PAG06;50004429361;1;2016-11-23;NettoEQ: 120.00 NettoDEQ: 120.00 Provv EQ: 0.00Provv DEQ: 3.00TipoTitolo: 04
UNI;4010;TUTTO IL PORTAFOGLIO;NULL;04;1 ;2019-02-22;KO;NESSUNA AGGREGAZIONE;PAG06;50004429396;1;2016-11-23;NettoEQ: 50.00 NettoDEQ: 50.00 Provv EQ: 0.00Provv DEQ: 1.25TipoTitolo: 04
UNI;4010;TUTTO IL PORTAFOGLIO;NULL;04;1 ;2019-02-22;KO;NESSUNA AGGREGAZIONE;PAG06;50004429416;1;2016-11-23;NettoEQ: 50.00 NettoDEQ: 50.00 Provv EQ: 0.00Provv DEQ: 1.25TipoTitolo: 04
UNI;4010;TUTTO IL PORTAFOGLIO;NULL;04;1 ;2019-02-22;KO;NESSUNA AGGREGAZIONE;PAG06;50004429422;1;2016-11-23;NettoEQ: 100.00 NettoDEQ: 100.00 Provv EQ: 0.00Provv DEQ: 2.50TipoTitolo: 04
UNI;4010;TUTTO IL PORTAFOGLIO;NULL;04;1 ;2019-02-22;KO;NESSUNA AGGREGAZIONE;PAG06;50004429423;1;2016-11-23;NettoEQ: 50.00 NettoDEQ: 50.00 Provv EQ: 0.00Provv DEQ: 1.25TipoTitolo: 04
UNI;4010;TUTTO IL PORTAFOGLIO;NULL;04;1 ;2019-02-22;KO;NESSUNA AGGREGAZIONE;PAG06;50004429438;1;2016-11-23;NettoEQ: 250.00 NettoDEQ: 250.00 Provv EQ: 0.00Provv DEQ: 6.25TipoTitolo: 04
UNI;4010;TUTTO IL PORTAFOGLIO;NULL;04;1 ;2019-02-22;KO;NESSUNA AGGREGAZIONE;PAG06;50004429450;1;2016-11-23;NettoEQ: 350.00 NettoDEQ: 350.00 Provv EQ: 0.00Provv DEQ: 8.75TipoTitolo: 04
UNI;4010;TUTTO IL PORTAFOGLIO;NULL;04;1 ;2019-02-22;KO;NESSUNA AGGREGAZIONE;PAG06;50004429456;1;2016-11-23;NettoEQ: 50.00 NettoDEQ: 50.00 Provv EQ: 0.00Provv DEQ: 1.25TipoTitolo: 04
UNI;4010;TUTTO IL PORTAFOGLIO;NULL;04;1 ;2019-02-22;KO;NESSUNA AGGREGAZIONE;PAG06;50004429477;1;2016-11-23;NettoEQ: 100.00 NettoDEQ: 100.00 Provv EQ: 0.00Provv DEQ: 2.50TipoTitolo: 04
UNI;4010;TUTTO IL PORTAFOGLIO;NULL;04;1 ;2019-02-22;KO;NESSUNA AGGREGAZIONE;PAG06;50004429498;1;2016-11-23;NettoEQ: 100.00 NettoDEQ: 100.00 Provv EQ: 0.00Provv DEQ: 2.50TipoTitolo: 04
UNI;4010;TUTTO IL PORTAFOGLIO;NULL;04;1 ;2019-02-22;KO;NESSUNA AGGREGAZIONE;PAG06;50004429529;1;2016-11-23;NettoEQ: 50.00 NettoDEQ: 50.00 Provv EQ: 0.00Provv DEQ: 1.25TipoTitolo: 04
UNI;4010;TUTTO IL PORTAFOGLIO;NULL;04;1 ;2019-02-22;KO;NESSUNA AGGREGAZIONE;PAG06;50004429534;1;2016-11-23;NettoEQ: 50.00 NettoDEQ: 50.00 Provv EQ: 0.00Provv DEQ: 1.25TipoTitolo: 04
UNI;4010;TUTTO IL PORTAFOGLIO;NULL;04;1 ;2019-02-22;KO;NESSUNA AGGREGAZIONE;PAG06;50004429539;1;2016-11-23;NettoEQ: 50.00 NettoDEQ: 50.00 Provv EQ: 0.00Provv DEQ: 1.25TipoTitolo: 04
UNI;4010;TUTTO IL PORTAFOGLIO;NULL;04;1 ;2019-02-22;KO;NESSUNA AGGREGAZIONE;PAG06;50004429552;1;2016-11-23;NettoEQ: 50.00 NettoDEQ: 50.00 Provv EQ: 0.00Provv DEQ: 1.25TipoTitolo: 04
UNI;4010;TUTTO IL PORTAFOGLIO;NULL;04;1 ;2019-02-22;KO;NESSUNA AGGREGAZIONE;PAG06;50004429613;1;2016-11-23;NettoEQ: 150.00 NettoDEQ: 150.00 Provv EQ: 0.00Provv DEQ: 3.75TipoTitolo: 04
UNI;4010;TUTTO IL PORTAFOGLIO;NULL;04;1 ;2019-02-22;KO;NESSUNA AGGREGAZIONE;PAG06;50004429638;1;2016-11-23;NettoEQ: 100.00 NettoDEQ: 100.00 Provv EQ: 0.00Provv DEQ: 2.50TipoTitolo: 04
UNI;4010;TUTTO IL PORTAFOGLIO;NULL;04;1 ;2019-02-22;KO;NESSUNA AGGREGAZIONE;PAG06;50004429720;1;2016-11-23;NettoEQ: 50.00 NettoDEQ: 50.00 Provv EQ: 0.00Provv DEQ: 1.25TipoTitolo: 04
UNI;4010;TUTTO IL PORTAFOGLIO;NULL;04;1 ;2019-02-22;KO;NESSUNA AGGREGAZIONE;PAG06;50004429742;1;2016-11-23;NettoEQ: 100.00 NettoDEQ: 100.00 Provv EQ: 0.00Provv DEQ: 2.50TipoTitolo: 04
UNI;4010;TUTTO IL PORTAFOGLIO;NULL;04;1 ;2019-02-22;KO;NESSUNA AGGREGAZIONE;PAG06;50004429764;1;2016-11-23;NettoEQ: 50.00 NettoDEQ: 50.00 Provv EQ: 0.00Provv DEQ: 1.25TipoTitolo: 04
UNI;4010;TUTTO IL PORTAFOGLIO;NULL;04;1 ;2019-02-22;KO;NESSUNA AGGREGAZIONE;PAG06;50004429785;1;2016-11-23;NettoEQ: 100.00 NettoDEQ: 100.00 Provv EQ: 0.00Provv DEQ: 2.50TipoTitolo: 04
UNI;4010;TUTTO IL PORTAFOGLIO;NULL;04;1 ;2019-02-22;KO;NESSUNA AGGREGAZIONE;PAG06;50004429790;1;2016-11-23;NettoEQ: 60.00 NettoDEQ: 60.00 Provv EQ: 0.00Provv DEQ: 1.50TipoTitolo: 04
UNI;4010;TUTTO IL PORTAFOGLIO;NULL;04;1 ;2019-02-22;KO;NESSUNA AGGREGAZIONE;PAG06;50004429812;1;2016-11-23;NettoEQ: 50.00 NettoDEQ: 50.00 Provv EQ: 0.00Provv DEQ: 1.25TipoTitolo: 04
UNI;4010;TUTTO IL PORTAFOGLIO;NULL;04;1 ;2019-02-22;KO;NESSUNA AGGREGAZIONE;PAG06;50004429824;1;2016-11-23;NettoEQ: 100.00 NettoDEQ: 100.00 Provv EQ: 0.00Provv DEQ: 2.50TipoTitolo: 04
UNI;4010;TUTTO IL PORTAFOGLIO;NULL;04;1 ;2019-02-22;KO;NESSUNA AGGREGAZIONE;PAG06;50004429907;1;2016-02-23;NettoEQ: 94.81 NettoDEQ: 94.81 Provv EQ: 0.00Provv DEQ: 2.37TipoTitolo: 04
UNI;4010;TUTTO IL PORTAFOGLIO;NULL;04;1 ;2019-02-22;KO;NESSUNA AGGREGAZIONE;PAG06;50004429907;1;2016-03-23;NettoEQ: 94.81 NettoDEQ: 94.81 Provv EQ: 0.00Provv DEQ: 2.37TipoTitolo: 04
UNI;4010;TUTTO IL PORTAFOGLIO;NULL;04;1 ;2019-02-22;KO;NESSUNA AGGREGAZIONE;PAG06;50004429907;1;2016-04-23;NettoEQ: 94.81 NettoDEQ: 94.81 Provv EQ: 0.00Provv DEQ: 2.37TipoTitolo: 04
UNI;4010;TUTTO IL PORTAFOGLIO;NULL;04;1 ;2019-02-22;KO;NESSUNA AGGREGAZIONE;PAG06;50004429907;1;2016-05-23;NettoEQ: 94.81 NettoDEQ: 94.81 Provv EQ: 0.00Provv DEQ: 2.37TipoTitolo: 04
UNI;4010;TUTTO IL PORTAFOGLIO;NULL;04;1 ;2019-02-22;KO;NESSUNA AGGREGAZIONE;PAG06;50004429907;1;2016-06-23;NettoEQ: 94.81 NettoDEQ: 94.81 Provv EQ: 0.00Provv DEQ: 2.37TipoTitolo: 04
UNI;4010;TUTTO IL PORTAFOGLIO;NULL;04;1 ;2019-02-22;KO;NESSUNA AGGREGAZIONE;PAG06;50004429907;1;2016-07-23;NettoEQ: 94.81 NettoDEQ: 94.81 Provv EQ: 0.00Provv DEQ: 2.37TipoTitolo: 04
UNI;4010;TUTTO IL PORTAFOGLIO;NULL;04;1 ;2019-02-22;KO;NESSUNA AGGREGAZIONE;PAG06;50004429907;1;2016-08-23;NettoEQ: 94.81 NettoDEQ: 94.81 Provv EQ: 0.00Provv DEQ: 2.37TipoTitolo: 04
UNI;4010;TUTTO IL PORTAFOGLIO;NULL;04;1 ;2019-02-22;KO;NESSUNA AGGREGAZIONE;PAG06;50004429907;1;2016-09-23;NettoEQ: 94.81 NettoDEQ: 94.81 Provv EQ: 0.00Provv DEQ: 2.37TipoTitolo: 04
UNI;4010;TUTTO IL PORTAFOGLIO;NULL;04;1 ;2019-02-22;KO;NESSUNA AGGREGAZIONE;PAG06;50004429907;1;2016-10-23;NettoEQ: 94.81 NettoDEQ: 94.81 Provv EQ: 0.00Provv DEQ: 2.37TipoTitolo: 04
UNI;4010;TUTTO IL PORTAFOGLIO;NULL;04;1 ;2019-02-22;KO;NESSUNA AGGREGAZIONE;PAG06;50004429907;1;2016-11-23;NettoEQ: 94.81 NettoDEQ: 94.81 Provv EQ: 0.00Provv DEQ: 2.37TipoTitolo: 04
UNI;4010;TUTTO IL PORTAFOGLIO;NULL;04;1 ;2019-02-22;KO;NESSUNA AGGREGAZIONE;PAG06;50004429957;1;2016-11-23;NettoEQ: 100.00 NettoDEQ: 100.00 Provv EQ: 0.00Provv DEQ: 2.50TipoTitolo: 04
UNI;4010;TUTTO IL PORTAFOGLIO;NULL;04;1 ;2019-02-22;KO;NESSUNA AGGREGAZIONE;PAG06;50004429972;1;2016-11-23;NettoEQ: 50.00 NettoDEQ: 50.00 Provv EQ: 0.00Provv DEQ: 1.25TipoTitolo: 04
UNI;4010;TUTTO IL PORTAFOGLIO;NULL;04;1 ;2019-02-22;KO;NESSUNA AGGREGAZIONE;PAG06;50004429976;1;2016-11-23;NettoEQ: 50.00 NettoDEQ: 50.00 Provv EQ: 0.00Provv DEQ: 1.25TipoTitolo: 04
UNI;4010;TUTTO IL PORTAFOGLIO;NULL;04;1 ;2019-02-22;KO;NESSUNA AGGREGAZIONE;PAG06;50004430012;1;2016-11-23;NettoEQ: 50.00 NettoDEQ: 50.00 Provv EQ: 0.00Provv DEQ: 1.25TipoTitolo: 04
UNI;4010;TUTTO IL PORTAFOGLIO;NULL;04;1 ;2019-02-22;KO;NESSUNA AGGREGAZIONE;PAG06;50004430021;1;2016-11-23;NettoEQ: 100.00 NettoDEQ: 100.00 Provv EQ: 0.00Provv DEQ: 2.50TipoTitolo: 04
UNI;4010;TUTTO IL PORTAFOGLIO;NULL;04;1 ;2019-02-22;KO;NESSUNA AGGREGAZIONE;PAG06;50004430067;1;2016-11-23;NettoEQ: 50.00 NettoDEQ: 50.00 Provv EQ: 0.00Provv DEQ: 1.25TipoTitolo: 04
UNI;4010;TUTTO IL PORTAFOGLIO;NULL;04;1 ;2019-02-22;KO;NESSUNA AGGREGAZIONE;PAG06;50004430089;1;2016-11-23;NettoEQ: 150.00 NettoDEQ: 150.00 Provv EQ: 0.00Provv DEQ: 3.75TipoTitolo: 04
UNI;4010;TUTTO IL PORTAFOGLIO;NULL;04;1 ;2019-02-22;KO;NESSUNA AGGREGAZIONE;PAG06;50004430098;1;2016-11-23;NettoEQ: 50.00 NettoDEQ: 50.00 Provv EQ: 0.00Provv DEQ: 1.25TipoTitolo: 04
UNI;4010;TUTTO IL PORTAFOGLIO;NULL;04;1 ;2019-02-22;KO;NESSUNA AGGREGAZIONE;PAG06;50004430100;1;2016-11-23;NettoEQ: 100.00 NettoDEQ: 100.00 Provv EQ: 0.00Provv DEQ: 2.50TipoTitolo: 04
UNI;4010;TUTTO IL PORTAFOGLIO;NULL;04;1 ;2019-02-22;KO;NESSUNA AGGREGAZIONE;PAG06;50004430102;1;2016-11-23;NettoEQ: 50.00 NettoDEQ: 50.00 Provv EQ: 0.00Provv DEQ: 1.25TipoTitolo: 04
UNI;4010;TUTTO IL PORTAFOGLIO;NULL;04;1 ;2019-02-22;KO;NESSUNA AGGREGAZIONE;PAG06;50004430112;1;2016-11-23;NettoEQ: 150.00 NettoDEQ: 150.00 Provv EQ: 0.00Provv DEQ: 3.75TipoTitolo: 04
UNI;4010;TUTTO IL PORTAFOGLIO;NULL;04;1 ;2019-02-22;KO;NESSUNA AGGREGAZIONE;PAG06;50004430182;1;2016-11-23;NettoEQ: 100.00 NettoDEQ: 100.00 Provv EQ: 0.00Provv DEQ: 2.50TipoTitolo: 04
UNI;4010;TUTTO IL PORTAFOGLIO;NULL;04;1 ;2019-02-22;KO;NESSUNA AGGREGAZIONE;PAG06;50004430205;1;2016-11-23;NettoEQ: 50.00 NettoDEQ: 50.00 Provv EQ: 0.00Provv DEQ: 1.25TipoTitolo: 04
UNI;4010;TUTTO IL PORTAFOGLIO;NULL;04;1 ;2019-02-22;KO;NESSUNA AGGREGAZIONE;PAG06;50004430206;1;2016-11-23;NettoEQ: 50.00 NettoDEQ: 50.00 Provv EQ: 0.00Provv DEQ: 1.25TipoTitolo: 04
UNI;4010;TUTTO IL PORTAFOGLIO;NULL;04;1 ;2019-02-22;KO;NESSUNA AGGREGAZIONE;PAG06;50004430231;1;2016-11-24;NettoEQ: 50.00 NettoDEQ: 50.00 Provv EQ: 0.00Provv DEQ: 1.25TipoTitolo: 04
UNI;4010;TUTTO IL PORTAFOGLIO;NULL;04;1 ;2019-02-22;KO;NESSUNA AGGREGAZIONE;PAG06;50004430235;1;2016-11-24;NettoEQ: 50.00 NettoDEQ: 50.00 Provv EQ: 0.00Provv DEQ: 1.25TipoTitolo: 04
UNI;4010;TUTTO IL PORTAFOGLIO;NULL;04;1 ;2019-02-22;KO;NESSUNA AGGREGAZIONE;PAG06;50004430244;1;2016-11-24;NettoEQ: 50.00 NettoDEQ: 50.00 Provv EQ: 0.00Provv DEQ: 1.25TipoTitolo: 04
UNI;4010;TUTTO IL PORTAFOGLIO;NULL;04;1 ;2019-02-22;KO;NESSUNA AGGREGAZIONE;PAG06;50004430259;1;2016-11-24;NettoEQ: 200.00 NettoDEQ: 200.00 Provv EQ: 0.00Provv DEQ: 5.00TipoTitolo: 04
UNI;4010;TUTTO IL PORTAFOGLIO;NULL;04;1 ;2019-02-22;KO;NESSUNA AGGREGAZIONE;PAG06;50004430263;1;2016-11-24;NettoEQ: 200.00 NettoDEQ: 200.00 Provv EQ: 0.00Provv DEQ: 5.00TipoTitolo: 04
UNI;4010;TUTTO IL PORTAFOGLIO;NULL;04;1 ;2019-02-22;KO;NESSUNA AGGREGAZIONE;PAG06;50004430312;1;2016-11-24;NettoEQ: 100.00 NettoDEQ: 100.00 Provv EQ: 0.00Provv DEQ: 2.50TipoTitolo: 04
UNI;4010;TUTTO IL PORTAFOGLIO;NULL;04;1 ;2019-02-22;KO;NESSUNA AGGREGAZIONE;PAG06;50004430392;1;2016-11-24;NettoEQ: 50.00 NettoDEQ: 50.00 Provv EQ: 0.00Provv DEQ: 1.25TipoTitolo: 04
UNI;4010;TUTTO IL PORTAFOGLIO;NULL;04;1 ;2019-02-22;KO;NESSUNA AGGREGAZIONE;PAG06;50004430482;1;2016-11-24;NettoEQ: 50.00 NettoDEQ: 50.00 Provv EQ: 0.00Provv DEQ: 1.25TipoTitolo: 04
UNI;4010;TUTTO IL PORTAFOGLIO;NULL;04;1 ;2019-02-22;KO;NESSUNA AGGREGAZIONE;PAG06;50004430498;1;2016-11-24;NettoEQ: 300.00 NettoDEQ: 300.00 Provv EQ: 0.00Provv DEQ: 7.50TipoTitolo: 04
UNI;4010;TUTTO IL PORTAFOGLIO;NULL;04;1 ;2019-02-22;KO;NESSUNA AGGREGAZIONE;PAG06;50004430515;1;2016-11-24;NettoEQ: 50.00 NettoDEQ: 50.00 Provv EQ: 0.00Provv DEQ: 1.25TipoTitolo: 04
UNI;4010;TUTTO IL PORTAFOGLIO;NULL;04;1 ;2019-02-22;KO;NESSUNA AGGREGAZIONE;PAG06;50004430551;1;2016-11-24;NettoEQ: 50.00 NettoDEQ: 50.00 Provv EQ: 0.00Provv DEQ: 1.25TipoTitolo: 04
UNI;4010;TUTTO IL PORTAFOGLIO;NULL;04;1 ;2019-02-22;KO;NESSUNA AGGREGAZIONE;PAG06;50004430584;1;2016-11-24;NettoEQ: 50.00 NettoDEQ: 50.00 Provv EQ: 0.00Provv DEQ: 1.25TipoTitolo: 04
UNI;4010;TUTTO IL PORTAFOGLIO;NULL;04;1 ;2019-02-22;KO;NESSUNA AGGREGAZIONE;PAG06;50004430619;1;2016-11-24;NettoEQ: 250.00 NettoDEQ: 250.00 Provv EQ: 0.00Provv DEQ: 6.25TipoTitolo: 04
UNI;4010;TUTTO IL PORTAFOGLIO;NULL;04;1 ;2019-02-22;KO;NESSUNA AGGREGAZIONE;PAG06;50004430652;1;2016-11-24;NettoEQ: 50.00 NettoDEQ: 50.00 Provv EQ: 0.00Provv DEQ: 1.25TipoTitolo: 04
UNI;4010;TUTTO IL PORTAFOGLIO;NULL;04;1 ;2019-02-22;KO;NESSUNA AGGREGAZIONE;PAG06;50004430665;1;2016-02-24;NettoEQ: 99.52 NettoDEQ: 99.52 Provv EQ: 0.00Provv DEQ: 2.49TipoTitolo: 04
UNI;4010;TUTTO IL PORTAFOGLIO;NULL;04;1 ;2019-02-22;KO;NESSUNA AGGREGAZIONE;PAG06;50004430665;1;2016-03-24;NettoEQ: 99.52 NettoDEQ: 99.52 Provv EQ: 0.00Provv DEQ: 2.49TipoTitolo: 04
UNI;4010;TUTTO IL PORTAFOGLIO;NULL;04;1 ;2019-02-22;KO;NESSUNA AGGREGAZIONE;PAG06;50004430665;1;2016-04-24;NettoEQ: 99.52 NettoDEQ: 99.52 Provv EQ: 0.00Provv DEQ: 2.49TipoTitolo: 04
UNI;4010;TUTTO IL PORTAFOGLIO;NULL;04;1 ;2019-02-22;KO;NESSUNA AGGREGAZIONE;PAG06;50004430665;1;2016-05-24;NettoEQ: 99.52 NettoDEQ: 99.52 Provv EQ: 0.00Provv DEQ: 2.49TipoTitolo: 04
UNI;4010;TUTTO IL PORTAFOGLIO;NULL;04;1 ;2019-02-22;KO;NESSUNA AGGREGAZIONE;PAG06;50004430665;1;2016-06-24;NettoEQ: 99.52 NettoDEQ: 99.52 Provv EQ: 0.00Provv DEQ: 2.49TipoTitolo: 04
UNI;4010;TUTTO IL PORTAFOGLIO;NULL;04;1 ;2019-02-22;KO;NESSUNA AGGREGAZIONE;PAG06;50004430665;1;2016-07-24;NettoEQ: 99.52 NettoDEQ: 99.52 Provv EQ: 0.00Provv DEQ: 2.49TipoTitolo: 04
UNI;4010;TUTTO IL PORTAFOGLIO;NULL;04;1 ;2019-02-22;KO;NESSUNA AGGREGAZIONE;PAG06;50004430665;1;2016-08-24;NettoEQ: 99.52 NettoDEQ: 99.52 Provv EQ: 0.00Provv DEQ: 2.49TipoTitolo: 04
UNI;4010;TUTTO IL PORTAFOGLIO;NULL;04;1 ;2019-02-22;KO;NESSUNA AGGREGAZIONE;PAG06;50004430665;1;2016-09-24;NettoEQ: 99.52 NettoDEQ: 99.52 Provv EQ: 0.00Provv DEQ: 2.49TipoTitolo: 04
UNI;4010;TUTTO IL PORTAFOGLIO;NULL;04;1 ;2019-02-22;KO;NESSUNA AGGREGAZIONE;PAG06;50004430665;1;2016-10-24;NettoEQ: 99.52 NettoDEQ: 99.52 Provv EQ: 0.00Provv DEQ: 2.49TipoTitolo: 04
UNI;4010;TUTTO IL PORTAFOGLIO;NULL;04;1 ;2019-02-22;KO;NESSUNA AGGREGAZIONE;PAG06;50004430665;1;2016-11-24;NettoEQ: 99.52 NettoDEQ: 99.52 Provv EQ: 0.00Provv DEQ: 2.49TipoTitolo: 04
UNI;4010;TUTTO IL PORTAFOGLIO;NULL;04;1 ;2019-02-22;KO;NESSUNA AGGREGAZIONE;PAG06;50004430700;1;2016-11-24;NettoEQ: 50.00 NettoDEQ: 50.00 Provv EQ: 0.00Provv DEQ: 1.25TipoTitolo: 04
UNI;4010;TUTTO IL PORTAFOGLIO;NULL;04;1 ;2019-02-22;KO;NESSUNA AGGREGAZIONE;PAG06;50004430702;1;2016-11-24;NettoEQ: 100.00 NettoDEQ: 100.00 Provv EQ: 0.00Provv DEQ: 2.50TipoTitolo: 04
UNI;4010;TUTTO IL PORTAFOGLIO;NULL;04;1 ;2019-02-22;KO;NESSUNA AGGREGAZIONE;PAG06;50004430713;1;2016-11-24;NettoEQ: 200.00 NettoDEQ: 200.00 Provv EQ: 0.00Provv DEQ: 5.00TipoTitolo: 04
UNI;4010;TUTTO IL PORTAFOGLIO;NULL;04;1 ;2019-02-22;KO;NESSUNA AGGREGAZIONE;PAG06;50004430777;1;2016-11-24;NettoEQ: 50.00 NettoDEQ: 50.00 Provv EQ: 0.00Provv DEQ: 1.25TipoTitolo: 04
UNI;4010;TUTTO IL PORTAFOGLIO;NULL;04;1 ;2019-02-22;KO;NESSUNA AGGREGAZIONE;PAG06;50004430798;1;2016-11-24;NettoEQ: 250.00 NettoDEQ: 250.00 Provv EQ: 0.00Provv DEQ: 6.25TipoTitolo: 04
UNI;4010;TUTTO IL PORTAFOGLIO;NULL;04;1 ;2019-02-22;KO;NESSUNA AGGREGAZIONE;PAG06;50004430803;1;2016-11-24;NettoEQ: 50.00 NettoDEQ: 50.00 Provv EQ: 0.00Provv DEQ: 1.25TipoTitolo: 04
UNI;4010;TUTTO IL PORTAFOGLIO;NULL;04;1 ;2019-02-22;KO;NESSUNA AGGREGAZIONE;PAG06;50004430846;1;2016-11-24;NettoEQ: 200.00 NettoDEQ: 200.00 Provv EQ: 0.00Provv DEQ: 5.00TipoTitolo: 04
UNI;4010;TUTTO IL PORTAFOGLIO;NULL;04;1 ;2019-02-22;KO;NESSUNA AGGREGAZIONE;PAG06;50004430863;1;2016-11-24;NettoEQ: 100.00 NettoDEQ: 100.00 Provv EQ: 0.00Provv DEQ: 2.50TipoTitolo: 04
UNI;4010;TUTTO IL PORTAFOGLIO;NULL;04;1 ;2019-02-22;KO;NESSUNA AGGREGAZIONE;PAG06;50004430871;1;2016-11-24;NettoEQ: 50.00 NettoDEQ: 50.00 Provv EQ: 0.00Provv DEQ: 1.25TipoTitolo: 04
UNI;4010;TUTTO IL PORTAFOGLIO;NULL;04;1 ;2019-02-22;KO;NESSUNA AGGREGAZIONE;PAG06;50004430892;1;2016-11-24;NettoEQ: 200.00 NettoDEQ: 200.00 Provv EQ: 0.00Provv DEQ: 5.00TipoTitolo: 04
UNI;4010;TUTTO IL PORTAFOGLIO;NULL;04;1 ;2019-02-22;KO;NESSUNA AGGREGAZIONE;PAG06;50004430896;1;2016-11-24;NettoEQ: 100.00 NettoDEQ: 100.00 Provv EQ: 0.00Provv DEQ: 2.50TipoTitolo: 04
UNI;4010;TUTTO IL PORTAFOGLIO;NULL;04;1 ;2019-02-22;KO;NESSUNA AGGREGAZIONE;PAG06;50004430908;1;2016-11-24;NettoEQ: 50.00 NettoDEQ: 50.00 Provv EQ: 0.00Provv DEQ: 1.25TipoTitolo: 04
UNI;4010;TUTTO IL PORTAFOGLIO;NULL;04;1 ;2019-02-22;KO;NESSUNA AGGREGAZIONE;PAG06;50004430924;1;2016-11-24;NettoEQ: 50.00 NettoDEQ: 50.00 Provv EQ: 0.00Provv DEQ: 1.25TipoTitolo: 04
UNI;4010;TUTTO IL PORTAFOGLIO;NULL;04;1 ;2019-02-22;KO;NESSUNA AGGREGAZIONE;PAG06;50004431013;1;2016-11-24;NettoEQ: 50.00 NettoDEQ: 50.00 Provv EQ: 0.00Provv DEQ: 1.25TipoTitolo: 04
UNI;4010;TUTTO IL PORTAFOGLIO;NULL;04;1 ;2019-02-22;KO;NESSUNA AGGREGAZIONE;PAG06;50004431022;1;2016-11-24;NettoEQ: 50.00 NettoDEQ: 50.00 Provv EQ: 0.00Provv DEQ: 1.25TipoTitolo: 04
UNI;4010;TUTTO IL PORTAFOGLIO;NULL;04;1 ;2019-02-22;KO;NESSUNA AGGREGAZIONE;PAG06;50004431030;1;2016-11-24;NettoEQ: 50.00 NettoDEQ: 50.00 Provv EQ: 0.00Provv DEQ: 1.25TipoTitolo: 04
UNI;4010;TUTTO IL PORTAFOGLIO;NULL;04;1 ;2019-02-22;KO;NESSUNA AGGREGAZIONE;PAG06;50004431034;1;2016-11-24;NettoEQ: 100.00 NettoDEQ: 100.00 Provv EQ: 0.00Provv DEQ: 2.50TipoTitolo: 04
UNI;4010;TUTTO IL PORTAFOGLIO;NULL;04;1 ;2019-02-22;KO;NESSUNA AGGREGAZIONE;PAG06;50004431038;1;2016-11-24;NettoEQ: 100.00 NettoDEQ: 100.00 Provv EQ: 0.00Provv DEQ: 2.50TipoTitolo: 04
UNI;4010;TUTTO IL PORTAFOGLIO;NULL;04;1 ;2019-02-22;KO;NESSUNA AGGREGAZIONE;PAG06;50004431048;1;2016-11-24;NettoEQ: 150.00 NettoDEQ: 150.00 Provv EQ: 0.00Provv DEQ: 3.75TipoTitolo: 04
UNI;4010;TUTTO IL PORTAFOGLIO;NULL;04;1 ;2019-02-22;KO;NESSUNA AGGREGAZIONE;PAG06;50004431064;1;2016-11-24;NettoEQ: 100.00 NettoDEQ: 100.00 Provv EQ: 0.00Provv DEQ: 2.50TipoTitolo: 04
UNI;4010;TUTTO IL PORTAFOGLIO;NULL;04;1 ;2019-02-22;KO;NESSUNA AGGREGAZIONE;PAG06;50004431088;1;2016-11-24;NettoEQ: 200.00 NettoDEQ: 200.00 Provv EQ: 0.00Provv DEQ: 5.00TipoTitolo: 04
UNI;4010;TUTTO IL PORTAFOGLIO;NULL;04;1 ;2019-02-22;KO;NESSUNA AGGREGAZIONE;PAG06;50004431108;1;2016-11-24;NettoEQ: 200.00 NettoDEQ: 200.00 Provv EQ: 0.00Provv DEQ: 5.00TipoTitolo: 04
UNI;4010;TUTTO IL PORTAFOGLIO;NULL;04;1 ;2019-02-22;KO;NESSUNA AGGREGAZIONE;PAG06;50004431109;1;2016-11-24;NettoEQ: 100.00 NettoDEQ: 100.00 Provv EQ: 0.00Provv DEQ: 2.50TipoTitolo: 04
UNI;4010;TUTTO IL PORTAFOGLIO;NULL;04;1 ;2019-02-22;KO;NESSUNA AGGREGAZIONE;PAG06;50004431112;1;2016-11-24;NettoEQ: 50.00 NettoDEQ: 50.00 Provv EQ: 0.00Provv DEQ: 1.25TipoTitolo: 04
UNI;4010;TUTTO IL PORTAFOGLIO;NULL;04;1 ;2019-02-22;KO;NESSUNA AGGREGAZIONE;PAG06;50004431136;1;2016-02-24;NettoEQ: 63.31 NettoDEQ: 63.31 Provv EQ: 0.00Provv DEQ: 1.58TipoTitolo: 04
UNI;4010;TUTTO IL PORTAFOGLIO;NULL;04;1 ;2019-02-22;KO;NESSUNA AGGREGAZIONE;PAG06;50004431136;1;2016-03-24;NettoEQ: 63.31 NettoDEQ: 63.31 Provv EQ: 0.00Provv DEQ: 1.58TipoTitolo: 04
UNI;4010;TUTTO IL PORTAFOGLIO;NULL;04;1 ;2019-02-22;KO;NESSUNA AGGREGAZIONE;PAG06;50004431136;1;2016-04-24;NettoEQ: 63.31 NettoDEQ: 63.31 Provv EQ: 0.00Provv DEQ: 1.58TipoTitolo: 04
UNI;4010;TUTTO IL PORTAFOGLIO;NULL;04;1 ;2019-02-22;KO;NESSUNA AGGREGAZIONE;PAG06;50004431136;1;2016-05-24;NettoEQ: 63.31 NettoDEQ: 63.31 Provv EQ: 0.00Provv DEQ: 1.58TipoTitolo: 04
UNI;4010;TUTTO IL PORTAFOGLIO;NULL;04;1 ;2019-02-22;KO;NESSUNA AGGREGAZIONE;PAG06;50004431136;1;2016-06-24;NettoEQ: 63.31 NettoDEQ: 63.31 Provv EQ: 0.00Provv DEQ: 1.58TipoTitolo: 04
UNI;4010;TUTTO IL PORTAFOGLIO;NULL;04;1 ;2019-02-22;KO;NESSUNA AGGREGAZIONE;PAG06;50004431136;1;2016-07-24;NettoEQ: 63.31 NettoDEQ: 63.31 Provv EQ: 0.00Provv DEQ: 1.58TipoTitolo: 04
UNI;4010;TUTTO IL PORTAFOGLIO;NULL;04;1 ;2019-02-22;KO;NESSUNA AGGREGAZIONE;PAG06;50004431136;1;2016-08-24;NettoEQ: 63.31 NettoDEQ: 63.31 Provv EQ: 0.00Provv DEQ: 1.58TipoTitolo: 04
UNI;4010;TUTTO IL PORTAFOGLIO;NULL;04;1 ;2019-02-22;KO;NESSUNA AGGREGAZIONE;PAG06;50004431136;1;2016-09-24;NettoEQ: 63.31 NettoDEQ: 63.31 Provv EQ: 0.00Provv DEQ: 1.58TipoTitolo: 04
UNI;4010;TUTTO IL PORTAFOGLIO;NULL;04;1 ;2019-02-22;KO;NESSUNA AGGREGAZIONE;PAG06;50004431136;1;2016-10-24;NettoEQ: 63.31 NettoDEQ: 63.31 Provv EQ: 0.00Provv DEQ: 1.58TipoTitolo: 04
UNI;4010;TUTTO IL PORTAFOGLIO;NULL;04;1 ;2019-02-22;KO;NESSUNA AGGREGAZIONE;PAG06;50004431136;1;2016-11-24;NettoEQ: 63.31 NettoDEQ: 63.31 Provv EQ: 0.00Provv DEQ: 1.58TipoTitolo: 04
UNI;4010;TUTTO IL PORTAFOGLIO;NULL;04;1 ;2019-02-22;KO;NESSUNA AGGREGAZIONE;PAG06;50004431146;1;2016-11-24;NettoEQ: 100.00 NettoDEQ: 100.00 Provv EQ: 0.00Provv DEQ: 2.50TipoTitolo: 04
UNI;4010;TUTTO IL PORTAFOGLIO;NULL;04;1 ;2019-02-22;KO;NESSUNA AGGREGAZIONE;PAG06;50004431151;1;2016-11-24;NettoEQ: 50.00 NettoDEQ: 50.00 Provv EQ: 0.00Provv DEQ: 1.25TipoTitolo: 04
UNI;4010;TUTTO IL PORTAFOGLIO;NULL;04;1 ;2019-02-22;KO;NESSUNA AGGREGAZIONE;PAG06;50004431159;1;2016-11-24;NettoEQ: 100.00 NettoDEQ: 100.00 Provv EQ: 0.00Provv DEQ: 2.50TipoTitolo: 04
UNI;4010;TUTTO IL PORTAFOGLIO;NULL;04;1 ;2019-02-22;KO;NESSUNA AGGREGAZIONE;PAG06;50004431176;1;2016-11-24;NettoEQ: 200.00 NettoDEQ: 200.00 Provv EQ: 0.00Provv DEQ: 5.00TipoTitolo: 04
UNI;4010;TUTTO IL PORTAFOGLIO;NULL;04;1 ;2019-02-22;KO;NESSUNA AGGREGAZIONE;PAG06;50004431187;1;2016-11-24;NettoEQ: 50.00 NettoDEQ: 50.00 Provv EQ: 0.00Provv DEQ: 1.25TipoTitolo: 04
UNI;4010;TUTTO IL PORTAFOGLIO;NULL;04;1 ;2019-02-22;KO;NESSUNA AGGREGAZIONE;PAG06;50004431205;1;2016-11-24;NettoEQ: 50.00 NettoDEQ: 50.00 Provv EQ: 0.00Provv DEQ: 1.25TipoTitolo: 04
UNI;4010;TUTTO IL PORTAFOGLIO;NULL;04;1 ;2019-02-22;KO;NESSUNA AGGREGAZIONE;PAG06;50004431210;1;2016-11-24;NettoEQ: 200.00 NettoDEQ: 200.00 Provv EQ: 0.00Provv DEQ: 5.00TipoTitolo: 04
UNI;4010;TUTTO IL PORTAFOGLIO;NULL;04;1 ;2019-02-22;KO;NESSUNA AGGREGAZIONE;PAG06;50004431223;1;2016-11-24;NettoEQ: 50.00 NettoDEQ: 50.00 Provv EQ: 0.00Provv DEQ: 1.25TipoTitolo: 04
UNI;4010;TUTTO IL PORTAFOGLIO;NULL;04;1 ;2019-02-22;KO;NESSUNA AGGREGAZIONE;PAG06;50004431245;1;2016-11-24;NettoEQ: 50.00 NettoDEQ: 50.00 Provv EQ: 0.00Provv DEQ: 1.25TipoTitolo: 04
UNI;4010;TUTTO IL PORTAFOGLIO;NULL;04;1 ;2019-02-22;KO;NESSUNA AGGREGAZIONE;PAG06;50004431271;1;2016-11-24;NettoEQ: 200.00 NettoDEQ: 200.00 Provv EQ: 0.00Provv DEQ: 5.00TipoTitolo: 04
UNI;4010;TUTTO IL PORTAFOGLIO;NULL;04;1 ;2019-02-22;KO;NESSUNA AGGREGAZIONE;PAG06;50004431293;1;2016-11-24;NettoEQ: 50.00 NettoDEQ: 50.00 Provv EQ: 0.00Provv DEQ: 1.25TipoTitolo: 04
UNI;4010;TUTTO IL PORTAFOGLIO;NULL;04;1 ;2019-02-22;KO;NESSUNA AGGREGAZIONE;PAG06;50004431298;1;2016-11-24;NettoEQ: 50.00 NettoDEQ: 50.00 Provv EQ: 0.00Provv DEQ: 1.25TipoTitolo: 04
UNI;4010;TUTTO IL PORTAFOGLIO;NULL;04;1 ;2019-02-22;KO;NESSUNA AGGREGAZIONE;PAG06;50004431303;1;2016-11-24;NettoEQ: 50.00 NettoDEQ: 50.00 Provv EQ: 0.00Provv DEQ: 1.25TipoTitolo: 04
UNI;4010;TUTTO IL PORTAFOGLIO;NULL;04;1 ;2019-02-22;KO;NESSUNA AGGREGAZIONE;PAG06;50004431307;1;2016-11-24;NettoEQ: 50.00 NettoDEQ: 50.00 Provv EQ: 0.00Provv DEQ: 1.25TipoTitolo: 04
UNI;4010;TUTTO IL PORTAFOGLIO;NULL;04;1 ;2019-02-22;KO;NESSUNA AGGREGAZIONE;PAG06;50004431309;1;2016-11-24;NettoEQ: 50.00 NettoDEQ: 50.00 Provv EQ: 0.00Provv DEQ: 1.25TipoTitolo: 04
UNI;4010;TUTTO IL PORTAFOGLIO;NULL;04;1 ;2019-02-22;KO;NESSUNA AGGREGAZIONE;PAG06;50004431314;1;2016-11-24;NettoEQ: 100.00 NettoDEQ: 100.00 Provv EQ: 0.00Provv DEQ: 2.50TipoTitolo: 04
UNI;4010;TUTTO IL PORTAFOGLIO;NULL;04;1 ;2019-02-22;KO;NESSUNA AGGREGAZIONE;PAG06;50004431320;1;2016-02-24;NettoEQ: 142.25 NettoDEQ: 142.25 Provv EQ: 0.00Provv DEQ: 3.55TipoTitolo: 04
UNI;4010;TUTTO IL PORTAFOGLIO;NULL;04;1 ;2019-02-22;KO;NESSUNA AGGREGAZIONE;PAG06;50004431320;1;2016-03-24;NettoEQ: 142.25 NettoDEQ: 142.25 Provv EQ: 0.00Provv DEQ: 3.55TipoTitolo: 04
UNI;4010;TUTTO IL PORTAFOGLIO;NULL;04;1 ;2019-02-22;KO;NESSUNA AGGREGAZIONE;PAG06;50004431320;1;2016-04-24;NettoEQ: 142.25 NettoDEQ: 142.25 Provv EQ: 0.00Provv DEQ: 3.55TipoTitolo: 04
UNI;4010;TUTTO IL PORTAFOGLIO;NULL;04;1 ;2019-02-22;KO;NESSUNA AGGREGAZIONE;PAG06;50004431320;1;2016-05-24;NettoEQ: 142.25 NettoDEQ: 142.25 Provv EQ: 0.00Provv DEQ: 3.55TipoTitolo: 04
UNI;4010;TUTTO IL PORTAFOGLIO;NULL;04;1 ;2019-02-22;KO;NESSUNA AGGREGAZIONE;PAG06;50004431320;1;2016-06-24;NettoEQ: 142.25 NettoDEQ: 142.25 Provv EQ: 0.00Provv DEQ: 3.55TipoTitolo: 04
UNI;4010;TUTTO IL PORTAFOGLIO;NULL;04;1 ;2019-02-22;KO;NESSUNA AGGREGAZIONE;PAG06;50004431320;1;2016-07-24;NettoEQ: 142.25 NettoDEQ: 142.25 Provv EQ: 0.00Provv DEQ: 3.55TipoTitolo: 04
UNI;4010;TUTTO IL PORTAFOGLIO;NULL;04;1 ;2019-02-22;KO;NESSUNA AGGREGAZIONE;PAG06;50004431320;1;2016-08-24;NettoEQ: 142.25 NettoDEQ: 142.25 Provv EQ: 0.00Provv DEQ: 3.55TipoTitolo: 04
UNI;4010;TUTTO IL PORTAFOGLIO;NULL;04;1 ;2019-02-22;KO;NESSUNA AGGREGAZIONE;PAG06;50004431320;1;2016-09-24;NettoEQ: 142.25 NettoDEQ: 142.25 Provv EQ: 0.00Provv DEQ: 3.55TipoTitolo: 04
UNI;4010;TUTTO IL PORTAFOGLIO;NULL;04;1 ;2019-02-22;KO;NESSUNA AGGREGAZIONE;PAG06;50004431320;1;2016-10-24;NettoEQ: 142.25 NettoDEQ: 142.25 Provv EQ: 0.00Provv DEQ: 3.55TipoTitolo: 04
UNI;4010;TUTTO IL PORTAFOGLIO;NULL;04;1 ;2019-02-22;KO;NESSUNA AGGREGAZIONE;PAG06;50004431320;1;2016-11-24;NettoEQ: 142.25 NettoDEQ: 142.25 Provv EQ: 0.00Provv DEQ: 3.55TipoTitolo: 04
UNI;4010;TUTTO IL PORTAFOGLIO;NULL;04;1 ;2019-02-22;KO;NESSUNA AGGREGAZIONE;PAG06;50004431321;1;2016-11-24;NettoEQ: 200.00 NettoDEQ: 200.00 Provv EQ: 0.00Provv DEQ: 5.00TipoTitolo: 04
UNI;4010;TUTTO IL PORTAFOGLIO;NULL;04;1 ;2019-02-22;KO;NESSUNA AGGREGAZIONE;PAG06;50004431324;1;2016-11-24;NettoEQ: 50.00 NettoDEQ: 50.00 Provv EQ: 0.00Provv DEQ: 1.25TipoTitolo: 04
UNI;4010;TUTTO IL PORTAFOGLIO;NULL;04;1 ;2019-02-22;KO;NESSUNA AGGREGAZIONE;PAG06;50004431353;1;2016-11-24;NettoEQ: 1000.00 NettoDEQ: 1000.00 Provv EQ: 0.00Provv DEQ: 25.00TipoTitolo: 04
UNI;4010;TUTTO IL PORTAFOGLIO;NULL;04;1 ;2019-02-22;KO;NESSUNA AGGREGAZIONE;PAG06;50004431380;1;2016-11-24;NettoEQ: 50.00 NettoDEQ: 50.00 Provv EQ: 0.00Provv DEQ: 1.25TipoTitolo: 04
UNI;4010;TUTTO IL PORTAFOGLIO;NULL;04;1 ;2019-02-22;KO;NESSUNA AGGREGAZIONE;PAG06;50004431401;1;2016-11-24;NettoEQ: 50.00 NettoDEQ: 50.00 Provv EQ: 0.00Provv DEQ: 1.25TipoTitolo: 04
UNI;4010;TUTTO IL PORTAFOGLIO;NULL;04;1 ;2019-02-22;KO;NESSUNA AGGREGAZIONE;PAG06;50004431433;1;2016-11-24;NettoEQ: 50.00 NettoDEQ: 50.00 Provv EQ: 0.00Provv DEQ: 1.25TipoTitolo: 04
UNI;4010;TUTTO IL PORTAFOGLIO;NULL;04;1 ;2019-02-22;KO;NESSUNA AGGREGAZIONE;PAG06;50004431454;1;2016-11-24;NettoEQ: 50.00 NettoDEQ: 50.00 Provv EQ: 0.00Provv DEQ: 1.25TipoTitolo: 04
UNI;4010;TUTTO IL PORTAFOGLIO;NULL;04;1 ;2019-02-22;KO;NESSUNA AGGREGAZIONE;PAG06;50004431464;1;2016-11-24;NettoEQ: 50.00 NettoDEQ: 50.00 Provv EQ: 0.00Provv DEQ: 1.25TipoTitolo: 04
UNI;4010;TUTTO IL PORTAFOGLIO;NULL;04;1 ;2019-02-22;KO;NESSUNA AGGREGAZIONE;PAG06;50004431466;1;2016-11-24;NettoEQ: 50.00 NettoDEQ: 50.00 Provv EQ: 0.00Provv DEQ: 1.25TipoTitolo: 04
UNI;4010;TUTTO IL PORTAFOGLIO;NULL;04;1 ;2019-02-22;KO;NESSUNA AGGREGAZIONE;PAG06;50004431469;1;2016-11-24;NettoEQ: 50.00 NettoDEQ: 50.00 Provv EQ: 0.00Provv DEQ: 1.25TipoTitolo: 04
UNI;4010;TUTTO IL PORTAFOGLIO;NULL;04;1 ;2019-02-22;KO;NESSUNA AGGREGAZIONE;PAG06;50004431474;1;2016-11-24;NettoEQ: 50.00 NettoDEQ: 50.00 Provv EQ: 0.00Provv DEQ: 1.25TipoTitolo: 04
UNI;4010;TUTTO IL PORTAFOGLIO;NULL;04;1 ;2019-02-22;KO;NESSUNA AGGREGAZIONE;PAG06;50004431476;1;2016-11-24;NettoEQ: 50.00 NettoDEQ: 50.00 Provv EQ: 0.00Provv DEQ: 1.25TipoTitolo: 04
UNI;4010;TUTTO IL PORTAFOGLIO;NULL;04;1 ;2019-02-22;KO;NESSUNA AGGREGAZIONE;PAG06;50004431483;1;2016-11-24;NettoEQ: 50.00 NettoDEQ: 50.00 Provv EQ: 0.00Provv DEQ: 1.25TipoTitolo: 04
UNI;4010;TUTTO IL PORTAFOGLIO;NULL;04;1 ;2019-02-22;KO;NESSUNA AGGREGAZIONE;PAG06;50004431493;1;2016-10-25;NettoEQ: 300.00 NettoDEQ: 300.00 Provv EQ: 0.00Provv DEQ: 7.50TipoTitolo: 04
UNI;4010;TUTTO IL PORTAFOGLIO;NULL;04;1 ;2019-02-22;KO;NESSUNA AGGREGAZIONE;PAG06;50004431493;1;2016-11-25;NettoEQ: 300.00 NettoDEQ: 300.00 Provv EQ: 0.00Provv DEQ: 7.50TipoTitolo: 04
UNI;4010;TUTTO IL PORTAFOGLIO;NULL;04;1 ;2019-02-22;KO;NESSUNA AGGREGAZIONE;PAG06;50004431501;1;2016-10-25;NettoEQ: 50.00 NettoDEQ: 50.00 Provv EQ: 0.00Provv DEQ: 1.25TipoTitolo: 04
UNI;4010;TUTTO IL PORTAFOGLIO;NULL;04;1 ;2019-02-22;KO;NESSUNA AGGREGAZIONE;PAG06;50004431501;1;2016-11-25;NettoEQ: 50.00 NettoDEQ: 50.00 Provv EQ: 0.00Provv DEQ: 1.25TipoTitolo: 04
UNI;4010;TUTTO IL PORTAFOGLIO;NULL;04;1 ;2019-02-22;KO;NESSUNA AGGREGAZIONE;PAG06;50004431558;1;2016-02-25;NettoEQ: 63.18 NettoDEQ: 63.18 Provv EQ: 0.00Provv DEQ: 1.58TipoTitolo: 04
UNI;4010;TUTTO IL PORTAFOGLIO;NULL;04;1 ;2019-02-22;KO;NESSUNA AGGREGAZIONE;PAG06;50004431558;1;2016-03-25;NettoEQ: 63.18 NettoDEQ: 63.18 Provv EQ: 0.00Provv DEQ: 1.58TipoTitolo: 04
UNI;4010;TUTTO IL PORTAFOGLIO;NULL;04;1 ;2019-02-22;KO;NESSUNA AGGREGAZIONE;PAG06;50004431558;1;2016-04-25;NettoEQ: 63.18 NettoDEQ: 63.18 Provv EQ: 0.00Provv DEQ: 1.58TipoTitolo: 04
